Workbook
Name 料號: [1]保稅物料庫存明細!$B$1:$B$65536
Name 類別: #REF!
Name 單位: #REF!

Sheet 成品月初库存
D1: 7月成品
A2: 序号 | B2: 盘点日期 | C2: 料号 | D2: 机种名称 | E2: 单位 | F2: 数量 | G2: 备注 | H2: 本月库存 | I2: 实际数量
B3: 2026.7.6盘点 | D3: =VLOOKUP($C3,成品本月库存!$B:$J,2,0) -> #N/A | E3: =VLOOKUP($C3,成品本月库存!$B:$J,5,0) -> #N/A | H3: =VLOOKUP($C3,成品本月库存!$B:$J,9,0) -> #N/A
C4: YS002 | D4: =VLOOKUP($C4,成品本月库存!$B:$J,2,0) -> AP31主机上盖(360上盖) | E4: =VLOOKUP($C4,成品本月库存!$B:$J,5,0) -> PCS | F4: 2819 | H4: =VLOOKUP($C4,成品本月库存!$B:$J,9,0) -> 2819
C5: YS001 | D5: =VLOOKUP($C5,成品本月库存!$B:$J,2,0) -> AP31主机下盖(360下盖) | E5: =VLOOKUP($C5,成品本月库存!$B:$J,5,0) -> PCS | F5: 866 | H5: =VLOOKUP($C5,成品本月库存!$B:$J,9,0) -> 866
C6: YS003 | D6: =VLOOKUP($C6,成品本月库存!$B:$J,2,0) -> AS23主机上盖 | E6: =VLOOKUP($C6,成品本月库存!$B:$J,5,0) -> PCS | F6: 115 | H6: =VLOOKUP($C6,成品本月库存!$B:$J,9,0) -> 115
C7: YS004 | D7: =VLOOKUP($C7,成品本月库存!$B:$J,2,0) -> AS23主机下盖 | E7: =VLOOKUP($C7,成品本月库存!$B:$J,5,0) -> PCS | F7: 331 | H7: =VLOOKUP($C7,成品本月库存!$B:$J,9,0) -> 331
C8: XFT002 | D8: =VLOOKUP($C8,成品本月库存!$B:$J,2,0) -> 0008 | E8: =VLOOKUP($C8,成品本月库存!$B:$J,5,0) -> PCS | F8: 6097 | H8: =VLOOKUP($C8,成品本月库存!$B:$J,9,0) -> 6097
C9: XFT003 | D9: =VLOOKUP($C9,成品本月库存!$B:$J,2,0) -> 0009中框 | E9: =VLOOKUP($C9,成品本月库存!$B:$J,5,0) -> PCS | F9: 21816 | H9: =VLOOKUP($C9,成品本月库存!$B:$J,9,0) -> 22323
C10: XFT003 | D10: 0009中框 | F10: =80+427 -> 507 | G10: 烤漆不良
C11: XFT004 | D11: =VLOOKUP($C11,成品本月库存!$B:$J,2,0) -> DBC1481L1 | E11: =VLOOKUP($C11,成品本月库存!$B:$J,5,0) -> PCS | F11: 2424 | H11: =VLOOKUP($C11,成品本月库存!$B:$J,9,0) -> 2424
C12: XFT005 | D12: =VLOOKUP($C12,成品本月库存!$B:$J,2,0) -> DBC1480L1 | E12: =VLOOKUP($C12,成品本月库存!$B:$J,5,0) -> PCS | F12: 270 | H12: =VLOOKUP($C12,成品本月库存!$B:$J,9,0) -> 270
C13: XFT007 | D13: =VLOOKUP($C13,成品本月库存!$B:$J,2,0) -> DBC15A0 | E13: =VLOOKUP($C13,成品本月库存!$B:$J,5,0) -> PCS | H13: =VLOOKUP($C13,成品本月库存!$B:$J,9,0) -> 2352
C14: XFT010 | D14: =VLOOKUP($C14,成品本月库存!$B:$J,2,0) -> MHSP-SP-AX | E14: =VLOOKUP($C14,成品本月库存!$B:$J,5,0) -> PCS | F14: 12703 | H14: =VLOOKUP($C14,成品本月库存!$B:$J,9,0) -> 12778
C15: XFT010 | D15: MHSP-SP-AX | F15: 75 | G15: 洗白不良
C16: XFT011 | D16: =VLOOKUP($C16,成品本月库存!$B:$J,2,0) -> BHSP-SP-AX | E16: =VLOOKUP($C16,成品本月库存!$B:$J,5,0) -> PCS | F16: 136 | H16: =VLOOKUP($C16,成品本月库存!$B:$J,9,0) -> 136
C17: XFT012 | D17: =VLOOKUP($C17,成品本月库存!$B:$J,2,0) -> V3-BHSP-AX | E17: =VLOOKUP($C17,成品本月库存!$B:$J,5,0) -> PCS | F17: 1060 | H17: =VLOOKUP($C17,成品本月库存!$B:$J,9,0) -> 1060
C18: XFT015 | D18: =VLOOKUP($C18,成品本月库存!$B:$J,2,0) -> 盖板 | E18: =VLOOKUP($C18,成品本月库存!$B:$J,5,0) -> PCS | F18: 144 | H18: =VLOOKUP($C18,成品本月库存!$B:$J,9,0) -> 144
C19: XFT016 | D19: =VLOOKUP($C19,成品本月库存!$B:$J,2,0) -> ATT1LA-BHSP | E19: =VLOOKUP($C19,成品本月库存!$B:$J,5,0) -> PCS | F19: 1453 | H19: =VLOOKUP($C19,成品本月库存!$B:$J,9,0) -> 1453
C20: XFT017 | D20: =VLOOKUP($C20,成品本月库存!$B:$J,2,0) -> ATT1LA-PHSK | E20: =VLOOKUP($C20,成品本月库存!$B:$J,5,0) -> PCS | F20: =3634 -> 3634 | H20: =VLOOKUP($C20,成品本月库存!$B:$J,9,0) -> 3634
C21: XFT018-1 | D21: =VLOOKUP($C21,成品本月库存!$B:$J,2,0) -> ATT1LA-MHSP(8个牙） | E21: =VLOOKUP($C21,成品本月库存!$B:$J,5,0) -> PCS | F21: 1630 | H21: =VLOOKUP($C21,成品本月库存!$B:$J,9,0) -> 1630
C22: XFT019 | D22: =VLOOKUP($C22,成品本月库存!$B:$J,2,0) -> ATT1LA-THSP | E22: =VLOOKUP($C22,成品本月库存!$B:$J,5,0) -> PCS | F22: 403 | H22: =VLOOKUP($C22,成品本月库存!$B:$J,9,0) -> 639
C23: XFT019 | D23: ATT1LA-THSP | F23: 236 | G23: 电镀不良
C24: XFT029 | D24: =VLOOKUP($C24,成品本月库存!$B:$J,2,0) -> ZS-THSP | E24: =VLOOKUP($C24,成品本月库存!$B:$J,5,0) -> PCS | F24: 167 | H24: =VLOOKUP($C24,成品本月库存!$B:$J,9,0) -> 167
C25: XFT031 | D25: =VLOOKUP($C25,成品本月库存!$B:$J,2,0) -> ZS-MHSP | E25: =VLOOKUP($C25,成品本月库存!$B:$J,5,0) -> PCS | F25: 237 | H25: =VLOOKUP($C25,成品本月库存!$B:$J,9,0) -> 237
C26: XFT030 | D26: =VLOOKUP($C26,成品本月库存!$B:$J,2,0) -> ZS-BHSP | E26: =VLOOKUP($C26,成品本月库存!$B:$J,5,0) -> PCS | F26: 530 | H26: =VLOOKUP($C26,成品本月库存!$B:$J,9,0) -> 530
C27: XFT032 | D27: =VLOOKUP($C27,成品本月库存!$B:$J,2,0) -> DUD3500D1 | E27: =VLOOKUP($C27,成品本月库存!$B:$J,5,0) -> PCS | F27: =89+63 -> 152 | H27: =VLOOKUP($C27,成品本月库存!$B:$J,9,0) -> 149
C28: XFT033 | D28: =VLOOKUP($C28,成品本月库存!$B:$J,2,0) -> VSD9007S2 | E28: =VLOOKUP($C28,成品本月库存!$B:$J,5,0) -> PCS | F28: =14+1662 -> 1676 | H28: =VLOOKUP($C28,成品本月库存!$B:$J,9,0) -> 1676
C29: XFT034 | D29: =VLOOKUP($C29,成品本月库存!$B:$J,2,0) -> (002)Kreka MHSP Tool | E29: =VLOOKUP($C29,成品本月库存!$B:$J,5,0) -> PCS | F29: 194 | H29: =VLOOKUP($C29,成品本月库存!$B:$J,9,0) -> 194
C30: XFT037 | D30: =VLOOKUP($C30,成品本月库存!$B:$J,2,0) -> (003)Kreka THSP POR | E30: =VLOOKUP($C30,成品本月库存!$B:$J,5,0) -> PCS | F30: 242 | H30: =VLOOKUP($C30,成品本月库存!$B:$J,9,0) -> 242
C31: XFT040 | D31: =VLOOKUP($C31,成品本月库存!$B:$J,2,0) -> Barca-BHSP（4牙） | E31: =VLOOKUP($C31,成品本月库存!$B:$J,5,0) -> PCS | F31: 1652 | H31: =VLOOKUP($C31,成品本月库存!$B:$J,9,0) -> 1836
C32: XFT040 | D32: Barca-BHSP（4牙） | F32: 184 | G32: 烤漆不良
C33: XFT041 | D33: =VLOOKUP($C33,成品本月库存!$B:$J,2,0) -> Barca-MHSP （1牙） | E33: =VLOOKUP($C33,成品本月库存!$B:$J,5,0) -> PCS | F33: 2624 | H33: =VLOOKUP($C33,成品本月库存!$B:$J,9,0) -> 3102
C34: XFT041 | D34: Barca-MHSP （1牙） | F34: 478 | G34: 皮膜不良
C35: XFT044 | D35: =VLOOKUP($C35,成品本月库存!$B:$J,2,0) -> FVRB7813220（新电产） | E35: =VLOOKUP($C35,成品本月库存!$B:$J,5,0) -> PCS | F35: 362 | H35: =VLOOKUP($C35,成品本月库存!$B:$J,9,0) -> 362
C36: XFT046 | D36: =VLOOKUP($C36,成品本月库存!$B:$J,2,0) -> 0243B00100（金属外壳） | E36: =VLOOKUP($C36,成品本月库存!$B:$J,5,0) -> PCS | F36: =113 -> 113 | H36: =VLOOKUP($C36,成品本月库存!$B:$J,9,0) -> 113
C37: XFT047 | D37: =VLOOKUP($C37,成品本月库存!$B:$J,2,0) -> ME-003( THSP) | E37: =VLOOKUP($C37,成品本月库存!$B:$J,5,0) -> PCS | F37: 4312 | H37: =VLOOKUP($C37,成品本月库存!$B:$J,9,0) -> 4312
C38: XFT048 | D38: =VLOOKUP($C38,成品本月库存!$B:$J,2,0) -> ME-017(BHSP) | E38: =VLOOKUP($C38,成品本月库存!$B:$J,5,0) -> PCS | F38: 1768 | H38: =VLOOKUP($C38,成品本月库存!$B:$J,9,0) -> 1768
C39: XFT049 | D39: =VLOOKUP($C39,成品本月库存!$B:$J,2,0) -> ME-019(BTB SHELD) | E39: =VLOOKUP($C39,成品本月库存!$B:$J,5,0) -> PCS | F39: 1394 | H39: =VLOOKUP($C39,成品本月库存!$B:$J,9,0) -> 1394
C40: XFT051 | D40: =VLOOKUP($C40,成品本月库存!$B:$J,2,0) -> DBF7505L1 散熱片 | E40: =VLOOKUP($C40,成品本月库存!$B:$J,5,0) -> PCS | F40: 376 | H40: =VLOOKUP($C40,成品本月库存!$B:$J,9,0) -> 376
C41: XFT052 | D41: =VLOOKUP($C41,成品本月库存!$B:$J,2,0) -> DUG7391V1 | E41: =VLOOKUP($C41,成品本月库存!$B:$J,5,0) -> PCS | F41: 4759 | H41: =VLOOKUP($C41,成品本月库存!$B:$J,9,0) -> 4759
C42: XFT053 | D42: =VLOOKUP($C42,成品本月库存!$B:$J,2,0) -> HVO9142散热片 | E42: =VLOOKUP($C42,成品本月库存!$B:$J,5,0) -> PCS | F42: 5757 | H42: =VLOOKUP($C42,成品本月库存!$B:$J,9,0) -> 5757
C43: SG001 | D43: =VLOOKUP($C43,成品本月库存!$B:$J,2,0) -> 8系列隐藏式接头(8系接头） | E43: =VLOOKUP($C43,成品本月库存!$B:$J,5,0) -> PCS | F43: 50978 | H43: =VLOOKUP($C43,成品本月库存!$B:$J,9,0) -> 50978
C44: LX0001 | D44: =VLOOKUP($C44,成品本月库存!$B:$J,2,0) -> T93-03B | E44: =VLOOKUP($C44,成品本月库存!$B:$J,5,0) -> PCS | F44: 12150 | H44: =VLOOKUP($C44,成品本月库存!$B:$J,9,0) -> 12150
C45: LX0002 | D45: =VLOOKUP($C45,成品本月库存!$B:$J,2,0) -> T93-02A | E45: =VLOOKUP($C45,成品本月库存!$B:$J,5,0) -> PCS | F45: 10015 | H45: =VLOOKUP($C45,成品本月库存!$B:$J,9,0) -> 10015
C46: LX0003 | D46: =VLOOKUP($C46,成品本月库存!$B:$J,2,0) -> T93-13 | E46: =VLOOKUP($C46,成品本月库存!$B:$J,5,0) -> PCS | F46: 2628 | H46: =VLOOKUP($C46,成品本月库存!$B:$J,9,0) -> 1278
C47: LX0009 | D47: =VLOOKUP($C47,成品本月库存!$B:$J,2,0) -> T93-06.01 | E47: =VLOOKUP($C47,成品本月库存!$B:$J,5,0) -> PCS | F47: 78 | H47: =VLOOKUP($C47,成品本月库存!$B:$J,9,0) -> 78
C48: LX0010 | D48: =VLOOKUP($C48,成品本月库存!$B:$J,2,0) -> T93-20 | E48: =VLOOKUP($C48,成品本月库存!$B:$J,5,0) -> PCS | F48: 14838 | H48: =VLOOKUP($C48,成品本月库存!$B:$J,9,0) -> 3846
C49: LX0010 | D49: T93-20 | F49: 98 | G49: 脏污
C50: LX0007 | D50: =VLOOKUP($C50,成品本月库存!$B:$J,2,0) -> T93-22 | E50: =VLOOKUP($C50,成品本月库存!$B:$J,5,0) -> PCS | F50: 1558 | H50: =VLOOKUP($C50,成品本月库存!$B:$J,9,0) -> 1558
C51: LX0008 | D51: =VLOOKUP($C51,成品本月库存!$B:$J,2,0) -> T93-23 | E51: =VLOOKUP($C51,成品本月库存!$B:$J,5,0) -> PCS | F51: 5016 | H51: =VLOOKUP($C51,成品本月库存!$B:$J,9,0) -> 5016
C52: LX0011 | D52: =VLOOKUP($C52,成品本月库存!$B:$J,2,0) -> T93-25 | E52: =VLOOKUP($C52,成品本月库存!$B:$J,5,0) -> PCS | F52: 2477 | H52: =VLOOKUP($C52,成品本月库存!$B:$J,9,0) -> 2477
C53: LX0012 | D53: =VLOOKUP($C53,成品本月库存!$B:$J,2,0) -> T93-27 | E53: =VLOOKUP($C53,成品本月库存!$B:$J,5,0) -> PCS | F53: 833 | H53: =VLOOKUP($C53,成品本月库存!$B:$J,9,0) -> 833
C54: LX0013 | D54: =VLOOKUP($C54,成品本月库存!$B:$J,2,0) -> T93-31 | E54: =VLOOKUP($C54,成品本月库存!$B:$J,5,0) -> PCS | F54: 7218 | H54: =VLOOKUP($C54,成品本月库存!$B:$J,9,0) -> 7218
C55: LX0014 | D55: =VLOOKUP($C55,成品本月库存!$B:$J,2,0) -> T93-32 | E55: =VLOOKUP($C55,成品本月库存!$B:$J,5,0) -> PCS | F55: 3539 | H55: =VLOOKUP($C55,成品本月库存!$B:$J,9,0) -> 3539
C56: LX0015 | D56: =VLOOKUP($C56,成品本月库存!$B:$J,2,0) -> T46-03 | E56: =VLOOKUP($C56,成品本月库存!$B:$J,5,0) -> PCS | F56: 1537 | H56: =VLOOKUP($C56,成品本月库存!$B:$J,9,0) -> 1599
C57: LX0015 | D57: T46-03 | E57: =VLOOKUP($C57,成品本月库存!$B:$J,5,0) -> PCS | F57: 62 | G57: 尺寸不良
C58: LX0017-1 | D58: =VLOOKUP($C58,成品本月库存!$B:$J,2,0) -> JK111-04机壳（无牙） | E58: =VLOOKUP($C58,成品本月库存!$B:$J,5,0) -> PCS | F58: 955 | H58: =VLOOKUP($C58,成品本月库存!$B:$J,9,0) -> 280
C59: LX0019-1 | D59: =VLOOKUP($C59,成品本月库存!$B:$J,2,0) -> T93-29镭雕 | E59: =VLOOKUP($C59,成品本月库存!$B:$J,5,0) -> PCS | F59: 3612 | H59: =VLOOKUP($C59,成品本月库存!$B:$J,9,0) -> 877
C60: LX0020-1 | D60: =VLOOKUP($C60,成品本月库存!$B:$J,2,0) -> T93-33镭雕（4孔） | E60: =VLOOKUP($C60,成品本月库存!$B:$J,5,0) -> PCS | F60: 1182 | H60: =VLOOKUP($C60,成品本月库存!$B:$J,9,0) -> 887
C61: LX0021 | D61: =VLOOKUP($C61,成品本月库存!$B:$J,2,0) -> T93-SUE | E61: =VLOOKUP($C61,成品本月库存!$B:$J,5,0) -> PCS | F61: 88 | H61: =VLOOKUP($C61,成品本月库存!$B:$J,9,0) -> 88
C62: LX0023 | D62: =VLOOKUP($C62,成品本月库存!$B:$J,2,0) -> JK111-03机壳（无牙） | E62: =VLOOKUP($C62,成品本月库存!$B:$J,5,0) -> PCS | F62: =900+3*900+121+900+6*45+30*45 -> 6241 | H62: =VLOOKUP($C62,成品本月库存!$B:$J,9,0) -> 7933
C63: LX0026 | D63: =VLOOKUP($C63,成品本月库存!$B:$J,2,0) -> JK111-06机壳（无牙） | E63: =VLOOKUP($C63,成品本月库存!$B:$J,5,0) -> PCS | F63: 2580 | H63: =VLOOKUP($C63,成品本月库存!$B:$J,9,0) -> 2580
C64: LX0027 | D64: =VLOOKUP($C64,成品本月库存!$B:$J,2,0) -> T93-53 | E64: =VLOOKUP($C64,成品本月库存!$B:$J,5,0) -> PCS | F64: 36 | H64: =VLOOKUP($C64,成品本月库存!$B:$J,9,0) -> 36
C65: LX0028 | D65: =VLOOKUP($C65,成品本月库存!$B:$J,2,0) -> T93-54（镭雕） | E65: =VLOOKUP($C65,成品本月库存!$B:$J,5,0) -> PCS | F65: 35 | H65: =VLOOKUP($C65,成品本月库存!$B:$J,9,0) -> 35
C66: LX0030 | D66: =VLOOKUP($C66,成品本月库存!$B:$J,2,0) -> T93-58 | E66: =VLOOKUP($C66,成品本月库存!$B:$J,5,0) -> PCS | F66: 23 | H66: =VLOOKUP($C66,成品本月库存!$B:$J,9,0) -> 23
C67: LX0031 | D67: =VLOOKUP($C67,成品本月库存!$B:$J,2,0) -> T93-59 | E67: =VLOOKUP($C67,成品本月库存!$B:$J,5,0) -> PCS | F67: 19 | H67: =VLOOKUP($C67,成品本月库存!$B:$J,9,0) -> 19
C68: LX0032 | D68: =VLOOKUP($C68,成品本月库存!$B:$J,2,0) -> T93-60 | E68: =VLOOKUP($C68,成品本月库存!$B:$J,5,0) -> PCS | F68: 22 | H68: =VLOOKUP($C68,成品本月库存!$B:$J,9,0) -> 22
C69: LX0033 | D69: =VLOOKUP($C69,成品本月库存!$B:$J,2,0) -> T93-62 | E69: =VLOOKUP($C69,成品本月库存!$B:$J,5,0) -> PCS | F69: 137 | H69: =VLOOKUP($C69,成品本月库存!$B:$J,9,0) -> 176
C70: LX0033 | D70: T93-62 | F70: 39 | G70: 尺寸NG
C71: SRY003 | D71: =VLOOKUP($C71,成品本月库存!$B:$J,2,0) -> 背盖 | E71: =VLOOKUP($C71,成品本月库存!$B:$J,5,0) -> PCS | F71: 161 | H71: =VLOOKUP($C71,成品本月库存!$B:$J,9,0) -> 161
C72: KJL0017A | D72: =VLOOKUP($C72,成品本月库存!$B:$J,2,0) -> 伞齿固定座L | E72: =VLOOKUP($C72,成品本月库存!$B:$J,5,0) -> PCS | F72: 5594 | H72: =VLOOKUP($C72,成品本月库存!$B:$J,9,0) -> 5594
C73: KJL0017B | D73: =VLOOKUP($C73,成品本月库存!$B:$J,2,0) -> 伞齿固定座R | E73: =VLOOKUP($C73,成品本月库存!$B:$J,5,0) -> PCS | F73: 5594 | H73: =VLOOKUP($C73,成品本月库存!$B:$J,9,0) -> 5594
C74: KJL0018 | D74: =VLOOKUP($C74,成品本月库存!$B:$J,2,0) -> 连接座 | E74: =VLOOKUP($C74,成品本月库存!$B:$J,5,0) -> PCS | F74: 5979 | H74: =VLOOKUP($C74,成品本月库存!$B:$J,9,0) -> 5979
C75: KBL001 | D75: =VLOOKUP($C75,成品本月库存!$B:$J,2,0) -> 外壳 | E75: =VLOOKUP($C75,成品本月库存!$B:$J,5,0) -> PCS | F75: =10579+1270 -> 11849 | H75: =VLOOKUP($C75,成品本月库存!$B:$J,9,0) -> 11849
C76: JM0004 | D76: =VLOOKUP($C76,成品本月库存!$B:$J,2,0) -> G2124DM11B01 | E76: =VLOOKUP($C76,成品本月库存!$B:$J,5,0) -> PCS | F76: =6523+1115 -> 7638 | H76: =VLOOKUP($C76,成品本月库存!$B:$J,9,0) -> 6376
C77: JM0002 | D77: =VLOOKUP($C77,成品本月库存!$B:$J,2,0) -> BMS1997上盖 | E77: =VLOOKUP($C77,成品本月库存!$B:$J,5,0) -> PCS | F77: 2473 | H77: =VLOOKUP($C77,成品本月库存!$B:$J,9,0) -> 2473
C78: JM0003 | D78: =VLOOKUP($C78,成品本月库存!$B:$J,2,0) -> BMS1997下盖 | E78: =VLOOKUP($C78,成品本月库存!$B:$J,5,0) -> PCS | F78: 2632 | H78: =VLOOKUP($C78,成品本月库存!$B:$J,9,0) -> 2632
C79: JM0008 | D79: =VLOOKUP($C79,成品本月库存!$B:$J,2,0) -> G2131主控上盖 | E79: =VLOOKUP($C79,成品本月库存!$B:$J,5,0) -> PCS | F79: 193 | H79: =VLOOKUP($C79,成品本月库存!$B:$J,9,0) -> 193
C80: JM0009 | D80: =VLOOKUP($C80,成品本月库存!$B:$J,2,0) -> G2131底座（下盖） | E80: =VLOOKUP($C80,成品本月库存!$B:$J,5,0) -> PCS | F80: 48 | H80: =VLOOKUP($C80,成品本月库存!$B:$J,9,0) -> 48
C81: JB0004 | D81: =VLOOKUP($C81,成品本月库存!$B:$J,2,0) -> JB527挂钩壳 | E81: =VLOOKUP($C81,成品本月库存!$B:$J,5,0) -> PCS | F81: 572 | H81: =VLOOKUP($C81,成品本月库存!$B:$J,9,0) -> 572
C82: JB0005 | D82: =VLOOKUP($C82,成品本月库存!$B:$J,2,0) -> JB527折叠挂钩 | E82: =VLOOKUP($C82,成品本月库存!$B:$J,5,0) -> PCS | F82: 75 | H82: =VLOOKUP($C82,成品本月库存!$B:$J,9,0) -> 75
C83: JB0006 | D83: =VLOOKUP($C83,成品本月库存!$B:$J,2,0) -> JB297头壳 | E83: =VLOOKUP($C83,成品本月库存!$B:$J,5,0) -> PCS | F83: 549 | H83: =VLOOKUP($C83,成品本月库存!$B:$J,9,0) -> 549
C84: JB0007 | D84: =VLOOKUP($C84,成品本月库存!$B:$J,2,0) -> JB297压块 | E84: =VLOOKUP($C84,成品本月库存!$B:$J,5,0) -> PCS | F84: 1101 | H84: =VLOOKUP($C84,成品本月库存!$B:$J,9,0) -> 1101
C85: JB0008 | D85: =VLOOKUP($C85,成品本月库存!$B:$J,2,0) -> JB297头壳前盖 | E85: =VLOOKUP($C85,成品本月库存!$B:$J,5,0) -> PCS | F85: 888 | H85: =VLOOKUP($C85,成品本月库存!$B:$J,9,0) -> 888
C86: JB0009 | D86: =VLOOKUP($C86,成品本月库存!$B:$J,2,0) -> JB539头壳 | E86: =VLOOKUP($C86,成品本月库存!$B:$J,5,0) -> PCS | F86: 1272 | H86: =VLOOKUP($C86,成品本月库存!$B:$J,9,0) -> 1272
C87: JB0010 | D87: =VLOOKUP($C87,成品本月库存!$B:$J,2,0) -> JB527头壳 | E87: =VLOOKUP($C87,成品本月库存!$B:$J,5,0) -> PCS | F87: 114 | H87: =VLOOKUP($C87,成品本月库存!$B:$J,9,0) -> 114
C88: JB0011 | D88: =VLOOKUP($C88,成品本月库存!$B:$J,2,0) -> JB541A/头部壳体 | E88: =VLOOKUP($C88,成品本月库存!$B:$J,5,0) -> PCS | F88: =701+3680 -> 4381 | H88: =VLOOKUP($C88,成品本月库存!$B:$J,9,0) -> 4381
C89: HH0001 | D89: =VLOOKUP($C89,成品本月库存!$B:$J,2,0) -> 红孩儿B型铝连杆（红孩儿铝连杆） | E89: =VLOOKUP($C89,成品本月库存!$B:$J,5,0) -> PCS | F89: 3595 | H89: =VLOOKUP($C89,成品本月库存!$B:$J,9,0) -> 3595
C90: HH0002 | D90: =VLOOKUP($C90,成品本月库存!$B:$J,2,0) -> 红孩儿B型铝压盖（红孩儿铝压盖） | E90: =VLOOKUP($C90,成品本月库存!$B:$J,5,0) -> PCS | F90: 3600 | H90: =VLOOKUP($C90,成品本月库存!$B:$J,9,0) -> 3600
C91: HH0003 | D91: =VLOOKUP($C91,成品本月库存!$B:$J,2,0) -> 红孩儿B型铝底座（红孩儿铝底座） | E91: =VLOOKUP($C91,成品本月库存!$B:$J,5,0) -> PCS | F91: 2046 | H91: =VLOOKUP($C91,成品本月库存!$B:$J,9,0) -> 2046
C92: HH0004 | D92: =VLOOKUP($C92,成品本月库存!$B:$J,2,0) -> 小金童铝连杆 | E92: =VLOOKUP($C92,成品本月库存!$B:$J,5,0) -> PCS | F92: 1106 | H92: =VLOOKUP($C92,成品本月库存!$B:$J,9,0) -> 1106
C93: HH0006 | D93: =VLOOKUP($C93,成品本月库存!$B:$J,2,0) -> HH8027/散热片（至尊宝散热片） | E93: =VLOOKUP($C93,成品本月库存!$B:$J,5,0) -> PCS | F93: =3363 -> 3363 | H93: =VLOOKUP($C93,成品本月库存!$B:$J,9,0) -> 3363
C94: HH0007 | D94: =VLOOKUP($C94,成品本月库存!$B:$J,2,0) -> HH8027/充电内圈（至尊宝充电内圈） | E94: =VLOOKUP($C94,成品本月库存!$B:$J,5,0) -> PCS | F94: 3660 | H94: =VLOOKUP($C94,成品本月库存!$B:$J,9,0) -> 3660
C95: HH0008 | D95: =VLOOKUP($C95,成品本月库存!$B:$J,2,0) -> HH8027/充电外圈（至尊宝充电外圈） | E95: =VLOOKUP($C95,成品本月库存!$B:$J,5,0) -> PCS | F95: 3097 | H95: =VLOOKUP($C95,成品本月库存!$B:$J,9,0) -> 3097
C96: HH0009 | D96: =VLOOKUP($C96,成品本月库存!$B:$J,2,0) -> HH8027/冷热按摩头传导片（至尊宝传导片） | E96: =VLOOKUP($C96,成品本月库存!$B:$J,5,0) -> PCS | F96: 856 | H96: =VLOOKUP($C96,成品本月库存!$B:$J,9,0) -> 856
C97: HH0010 | D97: =VLOOKUP($C97,成品本月库存!$B:$J,2,0) -> HH8027/连杆（至尊宝铝连杆） | E97: =VLOOKUP($C97,成品本月库存!$B:$J,5,0) -> PCS | F97: 6708 | H97: =VLOOKUP($C97,成品本月库存!$B:$J,9,0) -> 6708
C98: HH0011 | D98: =VLOOKUP($C98,成品本月库存!$B:$J,2,0) -> 千里眼铝底座（HH8023) | E98: =VLOOKUP($C98,成品本月库存!$B:$J,5,0) -> PCS | F98: 808 | H98: =VLOOKUP($C98,成品本月库存!$B:$J,9,0) -> 808
C99: HH0012 | D99: =VLOOKUP($C99,成品本月库存!$B:$J,2,0) -> 千里眼铝压盖（HH8023) | E99: =VLOOKUP($C99,成品本月库存!$B:$J,5,0) -> PCS | F99: 419 | H99: =VLOOKUP($C99,成品本月库存!$B:$J,9,0) -> 419
C100: HH0013 | D100: =VLOOKUP($C100,成品本月库存!$B:$J,2,0) -> HH8303二郎神旋转卡钮 | E100: =VLOOKUP($C100,成品本月库存!$B:$J,5,0) -> PCS | F100: =2074 -> 2074 | H100: =VLOOKUP($C100,成品本月库存!$B:$J,9,0) -> 2074
...

Sheet 成品入库明细
A1: 厂商 | B1: 日 期 | C1: 单据编号 | D1: 料号 | E1: 机种名称 | F1: 单位 | G1: 数量 | H1: 本月库存 | I1: 备注
A2: 锦宇树 | B2: 46209 | C2: 0006302 | D2: RB012-1 | E2: =VLOOKUP($D2,成品本月库存!$B:$J,2,0) -> 扳手810端盖--黑色 | F2: =VLOOKUP($D2,成品本月库存!$B:$J,5,0) -> PCS | G2: 2985 | H2: =VLOOKUP($D2,成品本月库存!$B:$J,9,0) -> 842
A3: 锦宇树 | B3: 46209 | C3: 0006302 | D3: RB026 | E3: =VLOOKUP($D3,成品本月库存!$B:$J,2,0) -> 扳手810STK2头壳 | F3: =VLOOKUP($D3,成品本月库存!$B:$J,5,0) -> PCS | G3: 1173 | H3: =VLOOKUP($D3,成品本月库存!$B:$J,9,0) -> -7
A4: 报废 | B4: 46207 | C4: 0002114 | D4: LX0010 | E4: =VLOOKUP($D4,成品本月库存!$B:$J,2,0) -> T93-20 | F4: =VLOOKUP($D4,成品本月库存!$B:$J,5,0) -> PCS | G4: -256 | H4: =VLOOKUP($D4,成品本月库存!$B:$J,9,0) -> 3846
A5: 报废 | B5: 46207 | C5: 0002114 | D5: RB043 | E5: =VLOOKUP($D5,成品本月库存!$B:$J,2,0) -> 起子机2108-L头壳含轴套 （世达款） | F5: =VLOOKUP($D5,成品本月库存!$B:$J,5,0) -> PCS | G5: -4 | H5: =VLOOKUP($D5,成品本月库存!$B:$J,9,0) -> 107
A6: 报废 | B6: 46207 | C6: 0002114 | D6: LX0023 | E6: =VLOOKUP($D6,成品本月库存!$B:$J,2,0) -> JK111-03机壳（无牙） | F6: =VLOOKUP($D6,成品本月库存!$B:$J,5,0) -> PCS | G6: -1 | H6: =VLOOKUP($D6,成品本月库存!$B:$J,9,0) -> 7933
A7: 报废 | B7: 46207 | C7: 0002114 | D7: LX0010 | E7: =VLOOKUP($D7,成品本月库存!$B:$J,2,0) -> T93-20 | F7: =VLOOKUP($D7,成品本月库存!$B:$J,5,0) -> PCS | G7: -155 | H7: =VLOOKUP($D7,成品本月库存!$B:$J,9,0) -> 3846
A8: 压铸 | B8: 46210 | C8: 0001252 | D8: ABL006 | E8: =VLOOKUP($D8,成品本月库存!$B:$J,2,0) -> 双嘴钳 | F8: =VLOOKUP($D8,成品本月库存!$B:$J,5,0) -> PCS | G8: 5088 | H8: =VLOOKUP($D8,成品本月库存!$B:$J,9,0) -> -7
A9: 锦宇树 | B9: 46210 | C9: 0006303 | D9: RB026-1 | E9: =VLOOKUP($D9,成品本月库存!$B:$J,2,0) -> 扳手810STK2头壳-黑色 | F9: =VLOOKUP($D9,成品本月库存!$B:$J,5,0) -> PCS | G9: 1000 | H9: =VLOOKUP($D9,成品本月库存!$B:$J,9,0) -> 2
A10: 锦宇树 | B10: 46210 | C10: 0006303 | D10: RB007 | E10: =VLOOKUP($D10,成品本月库存!$B:$J,2,0) -> 扳手818头壳（带花纹含轴套） | F10: =VLOOKUP($D10,成品本月库存!$B:$J,5,0) -> PCS | G10: 1200 | H10: =VLOOKUP($D10,成品本月库存!$B:$J,9,0) -> 4258
A11: 锦宇树 | B11: 46210 | C11: 0006303 | D11: RB002 | E11: =VLOOKUP($D11,成品本月库存!$B:$J,2,0) -> 扳手809头壳(含轴套) | F11: =VLOOKUP($D11,成品本月库存!$B:$J,5,0) -> PCS | G11: 3116 | H11: =VLOOKUP($D11,成品本月库存!$B:$J,9,0) -> 1675
A12: 锦宇树 | B12: 46210 | C12: 0006303 | D12: RB004 | E12: =VLOOKUP($D12,成品本月库存!$B:$J,2,0) -> 起子机2108-W头壳（230N头壳无轴套） | F12: =VLOOKUP($D12,成品本月库存!$B:$J,5,0) -> PCS | G12: 200 | H12: =VLOOKUP($D12,成品本月库存!$B:$J,9,0) -> 1670
A13: 锦拓 | B13: 46210 | C13: 0005835 | D13: HH0025 | E13: =VLOOKUP($D13,成品本月库存!$B:$J,2,0) -> HH8513旋钮 | F13: =VLOOKUP($D13,成品本月库存!$B:$J,5,0) -> PCS | G13: 5034 | H13: =VLOOKUP($D13,成品本月库存!$B:$J,9,0) -> 14190
... A21: 术尔 | B21: 46211 | C21: 0000018 | D21: HH0025 | E21: =VLOOKUP($D21,成品本月库存!$B:$J,2,0) -> HH8513旋钮 | F21: =VLOOKUP($D21,成品本月库存!$B:$J,5,0) -> PCS | G21: 4116 | H21: =VLOOKUP($D21,成品本月库存!$B:$J,9,0) -> 14190
E22: =VLOOKUP($D22,成品本月库存!$B:$J,2,0) -> #N/A | F22: =VLOOKUP($D22,成品本月库存!$B:$J,5,0) -> #N/A | H22: =VLOOKUP($D22,成品本月库存!$B:$J,9,0) -> #N/A
E23: =VLOOKUP($D23,成品本月库存!$B:$J,2,0) -> #N/A | F23: =VLOOKUP($D23,成品本月库存!$B:$J,5,0) -> #N/A | H23: =VLOOKUP($D23,成品本月库存!$B:$J,9,0) -> #N/A
E24: =VLOOKUP($D24,成品本月库存!$B:$J,2,0) -> #N/A | F24: =VLOOKUP($D24,成品本月库存!$B:$J,5,0) -> #N/A | H24: =VLOOKUP($D24,成品本月库存!$B:$J,9,0) -> #N/A
E25: =VLOOKUP($D25,成品本月库存!$B:$J,2,0) -> #N/A | F25: =VLOOKUP($D25,成品本月库存!$B:$J,5,0) -> #N/A | H25: =VLOOKUP($D25,成品本月库存!$B:$J,9,0) -> #N/A
E26: =VLOOKUP($D26,成品本月库存!$B:$J,2,0) -> #N/A | F26: =VLOOKUP($D26,成品本月库存!$B:$J,5,0) -> #N/A | H26: =VLOOKUP($D26,成品本月库存!$B:$J,9,0) -> #N/A
E27: =VLOOKUP($D27,成品本月库存!$B:$J,2,0) -> #N/A | F27: =VLOOKUP($D27,成品本月库存!$B:$J,5,0) -> #N/A | H27: =VLOOKUP($D27,成品本月库存!$B:$J,9,0) -> #N/A
E28: =VLOOKUP($D28,成品本月库存!$B:$J,2,0) -> #N/A | F28: =VLOOKUP($D28,成品本月库存!$B:$J,5,0) -> #N/A | H28: =VLOOKUP($D28,成品本月库存!$B:$J,9,0) -> #N/A
E29: =VLOOKUP($D29,成品本月库存!$B:$J,2,0) -> #N/A | F29: =VLOOKUP($D29,成品本月库存!$B:$J,5,0) -> #N/A | H29: =VLOOKUP($D29,成品本月库存!$B:$J,9,0) -> #N/A
E30: =VLOOKUP($D30,成品本月库存!$B:$J,2,0) -> #N/A | F30: =VLOOKUP($D30,成品本月库存!$B:$J,5,0) -> #N/A | H30: =VLOOKUP($D30,成品本月库存!$B:$J,9,0) -> #N/A
E31: =VLOOKUP($D31,成品本月库存!$B:$J,2,0) -> #N/A | F31: =VLOOKUP($D31,成品本月库存!$B:$J,5,0) -> #N/A | H31: =VLOOKUP($D31,成品本月库存!$B:$J,9,0) -> #N/A
E32: =VLOOKUP($D32,成品本月库存!$B:$J,2,0) -> #N/A | F32: =VLOOKUP($D32,成品本月库存!$B:$J,5,0) -> #N/A | H32: =VLOOKUP($D32,成品本月库存!$B:$J,9,0) -> #N/A
E33: =VLOOKUP($D33,成品本月库存!$B:$J,2,0) -> #N/A | F33: =VLOOKUP($D33,成品本月库存!$B:$J,5,0) -> #N/A | H33: =VLOOKUP($D33,成品本月库存!$B:$J,9,0) -> #N/A
... E501: =VLOOKUP($D501,成品本月库存!$B:$J,2,0) -> #N/A | F501: =VLOOKUP($D501,成品本月库存!$B:$J,5,0) -> #N/A | H501: =VLOOKUP($D501,成品本月库存!$B:$J,9,0) -> #N/A
H502: =VLOOKUP($D502,成品本月库存!$B:$J,9,0) -> #N/A

Sheet 成品出库明细
A1: 客户 | B1: 日 期 | C1: 单据编号 | D1: 料号 | E1: 机种名称 | F1: 单位 | G1: 数量 | H1: 本月库存
A2: 红黑 | B2: 46209 | D2: HH0025 | E2: =VLOOKUP($D2,成品本月库存!$B:$J,2,0) -> HH8513旋钮 | F2: =VLOOKUP($D2,成品本月库存!$B:$J,5,0) -> PCS | G2: -4917 | H2: =VLOOKUP($D2,成品本月库存!$B:$J,9,0) -> 14190 | I2: 退货
A3: 力硕 | B3: 46209 | D3: XFT032 | E3: =VLOOKUP($D3,成品本月库存!$B:$J,2,0) -> DUD3500D1 | F3: =VLOOKUP($D3,成品本月库存!$B:$J,5,0) -> PCS | G3: 3 | H3: =VLOOKUP($D3,成品本月库存!$B:$J,9,0) -> 149 | I3: 补不良
A4: 凯泰 | B4: 46209 | D4: KT005 | E4: =VLOOKUP($D4,成品本月库存!$B:$J,2,0) -> 双目支架 | F4: =VLOOKUP($D4,成品本月库存!$B:$J,5,0) -> PCS | G4: 3120 | H4: =VLOOKUP($D4,成品本月库存!$B:$J,9,0) -> 16091
A5: 朗信 | B5: 46209 | D5: LX0003 | E5: =VLOOKUP($D5,成品本月库存!$B:$J,2,0) -> T93-13 | F5: =VLOOKUP($D5,成品本月库存!$B:$J,5,0) -> PCS | G5: 1350 | H5: =VLOOKUP($D5,成品本月库存!$B:$J,9,0) -> 1278
A6: 朗信 | B6: 46209 | D6: LX0010 | E6: =VLOOKUP($D6,成品本月库存!$B:$J,2,0) -> T93-20 | F6: =VLOOKUP($D6,成品本月库存!$B:$J,5,0) -> PCS | G6: 7020 | H6: =VLOOKUP($D6,成品本月库存!$B:$J,9,0) -> 3846
A7: 朗信 | B7: 46209 | D7: LX0019-1 | E7: =VLOOKUP($D7,成品本月库存!$B:$J,2,0) -> T93-29镭雕 | F7: =VLOOKUP($D7,成品本月库存!$B:$J,5,0) -> PCS | G7: 1350 | H7: =VLOOKUP($D7,成品本月库存!$B:$J,9,0) -> 877
A8: 朗信 | B8: 46209 | D8: LX0023 | E8: =VLOOKUP($D8,成品本月库存!$B:$J,2,0) -> JK111-03机壳（无牙） | F8: =VLOOKUP($D8,成品本月库存!$B:$J,5,0) -> PCS | G8: 1350 | H8: =VLOOKUP($D8,成品本月库存!$B:$J,9,0) -> 7933
A9: 金脉 | B9: 46210 | D9: JM0004 | E9: =VLOOKUP($D9,成品本月库存!$B:$J,2,0) -> G2124DM11B01 | F9: =VLOOKUP($D9,成品本月库存!$B:$J,5,0) -> PCS | G9: 1200 | H9: =VLOOKUP($D9,成品本月库存!$B:$J,9,0) -> 6376
A10: 报废 | B10: 46209 | C10: 0001456 | D10: LX0010 | E10: =VLOOKUP($D10,成品本月库存!$B:$J,2,0) -> T93-20 | F10: =VLOOKUP($D10,成品本月库存!$B:$J,5,0) -> PCS | G10: 149 | H10: =VLOOKUP($D10,成品本月库存!$B:$J,9,0) -> 3846
A11: 报废 | B11: 46209 | C11: 0001456 | D11: RB026 | E11: =VLOOKUP($D11,成品本月库存!$B:$J,2,0) -> 扳手810STK2头壳 | F11: =VLOOKUP($D11,成品本月库存!$B:$J,5,0) -> PCS | G11: 2 | H11: =VLOOKUP($D11,成品本月库存!$B:$J,9,0) -> -7
A12: 报废 | B12: 46209 | C12: 0001456 | D12: RB007 | E12: =VLOOKUP($D12,成品本月库存!$B:$J,2,0) -> 扳手818头壳（带花纹含轴套） | F12: =VLOOKUP($D12,成品本月库存!$B:$J,5,0) -> PCS | G12: 4 | H12: =VLOOKUP($D12,成品本月库存!$B:$J,9,0) -> 4258
A13: 报废 | B13: 46209 | C13: 0001456 | D13: RB002 | E13: =VLOOKUP($D13,成品本月库存!$B:$J,2,0) -> 扳手809头壳(含轴套) | F13: =VLOOKUP($D13,成品本月库存!$B:$J,5,0) -> PCS | G13: 178 | H13: =VLOOKUP($D13,成品本月库存!$B:$J,9,0) -> 1675
A14: 报废 | B14: 46209 | C14: 0001456 | D14: RB038 | E14: =VLOOKUP($D14,成品本月库存!$B:$J,2,0) -> 黄油枪HY01A齿轮箱 | F14: =VLOOKUP($D14,成品本月库存!$B:$J,5,0) -> PCS | G14: 5 | H14: =VLOOKUP($D14,成品本月库存!$B:$J,9,0) -> 4
A15: 报废 | B15: 46209 | C15: 0001456 | D15: RB026 | E15: =VLOOKUP($D15,成品本月库存!$B:$J,2,0) -> 扳手810STK2头壳 | F15: =VLOOKUP($D15,成品本月库存!$B:$J,5,0) -> PCS | G15: 14 | H15: =VLOOKUP($D15,成品本月库存!$B:$J,9,0) -> -7
A16: 报废 | B16: 46209 | C16: 0001456 | D16: RB012-1 | E16: =VLOOKUP($D16,成品本月库存!$B:$J,2,0) -> 扳手810端盖--黑色 | F16: =VLOOKUP($D16,成品本月库存!$B:$J,5,0) -> PCS | G16: 13 | H16: =VLOOKUP($D16,成品本月库存!$B:$J,9,0) -> 842
A17: 报废 | B17: 46209 | C17: 0001456 | D17: RB012-1 | E17: =VLOOKUP($D17,成品本月库存!$B:$J,2,0) -> 扳手810端盖--黑色 | F17: =VLOOKUP($D17,成品本月库存!$B:$J,5,0) -> PCS | G17: 97 | H17: =VLOOKUP($D17,成品本月库存!$B:$J,9,0) -> 842
A18: 报废 | B18: 46210 | C18: 0001457 | D18: LX0020-1 | E18: =VLOOKUP($D18,成品本月库存!$B:$J,2,0) -> T93-33镭雕（4孔） | F18: =VLOOKUP($D18,成品本月库存!$B:$J,5,0) -> PCS | G18: 19 | H18: =VLOOKUP($D18,成品本月库存!$B:$J,9,0) -> 887
A19: 报废 | B19: 46210 | C19: 0001457 | D19: LX0020-1 | E19: =VLOOKUP($D19,成品本月库存!$B:$J,2,0) -> T93-33镭雕（4孔） | F19: =VLOOKUP($D19,成品本月库存!$B:$J,5,0) -> PCS | G19: 6 | H19: =VLOOKUP($D19,成品本月库存!$B:$J,9,0) -> 887
A20: 报废 | B20: 46210 | C20: 0001457 | D20: LX0019-1 | E20: =VLOOKUP($D20,成品本月库存!$B:$J,2,0) -> T93-29镭雕 | F20: =VLOOKUP($D20,成品本月库存!$B:$J,5,0) -> PCS | G20: 24 | H20: =VLOOKUP($D20,成品本月库存!$B:$J,9,0) -> 877
A21: 报废 | B21: 46210 | C21: 0001457 | D21: LX0019-1 | E21: =VLOOKUP($D21,成品本月库存!$B:$J,2,0) -> T93-29镭雕 | F21: =VLOOKUP($D21,成品本月库存!$B:$J,5,0) -> PCS | G21: 11 | H21: =VLOOKUP($D21,成品本月库存!$B:$J,9,0) -> 877
... A25: 报废 | B25: 46210 | C25: 0001457 | D25: JM0004 | E25: =VLOOKUP($D25,成品本月库存!$B:$J,2,0) -> G2124DM11B01 | F25: =VLOOKUP($D25,成品本月库存!$B:$J,5,0) -> PCS | G25: 8 | H25: =VLOOKUP($D25,成品本月库存!$B:$J,9,0) -> 6376
A26: 晨兴德 | B26: 46211 | C26: 0000105 | D26: CXD001 | E26: =VLOOKUP($D26,成品本月库存!$B:$J,2,0) -> M3 Sus TS brt LS 左摆臂 | F26: =VLOOKUP($D26,成品本月库存!$B:$J,5,0) -> PCS | G26: -761 | H26: =VLOOKUP($D26,成品本月库存!$B:$J,9,0) -> 761 | I26: 退货
A27: 晨兴德 | B27: 46211 | C27: 0000105 | D27: CXD002 | E27: =VLOOKUP($D27,成品本月库存!$B:$J,2,0) -> M3 Sus TS brt RS 右摆臂 | F27: =VLOOKUP($D27,成品本月库存!$B:$J,5,0) -> PCS | G27: -360 | H27: =VLOOKUP($D27,成品本月库存!$B:$J,9,0) -> 360 | I27: 退货
A28: 红黑 | B28: 46211 | D28: HH0027 | E28: =VLOOKUP($D28,成品本月库存!$B:$J,2,0) -> 铝压盖/8526 | F28: =VLOOKUP($D28,成品本月库存!$B:$J,5,0) -> PCS | G28: 10 | H28: =VLOOKUP($D28,成品本月库存!$B:$J,9,0) -> 1824 | I28: 换货
A29: 红黑 | B29: 46211 | D29: HH0028 | E29: =VLOOKUP($D29,成品本月库存!$B:$J,2,0) -> 8527旋钮 | F29: =VLOOKUP($D29,成品本月库存!$B:$J,5,0) -> PCS | G29: 10 | H29: =VLOOKUP($D29,成品本月库存!$B:$J,9,0) -> 104
A30: 红黑 | B30: 46211 | D30: HH0028 | E30: =VLOOKUP($D30,成品本月库存!$B:$J,2,0) -> 8527旋钮 | F30: =VLOOKUP($D30,成品本月库存!$B:$J,5,0) -> PCS | G30: 10 | H30: =VLOOKUP($D30,成品本月库存!$B:$J,9,0) -> 104
A31: 红黑 | B31: 46211 | D31: HH0028 | E31: =VLOOKUP($D31,成品本月库存!$B:$J,2,0) -> 8527旋钮 | F31: =VLOOKUP($D31,成品本月库存!$B:$J,5,0) -> PCS | G31: 10 | H31: =VLOOKUP($D31,成品本月库存!$B:$J,9,0) -> 104
A32: 爱毕黎 | B32: 46211 | D32: ABL006 | E32: =VLOOKUP($D32,成品本月库存!$B:$J,2,0) -> 双嘴钳 | F32: =VLOOKUP($D32,成品本月库存!$B:$J,5,0) -> PCS | G32: 5095 | H32: =VLOOKUP($D32,成品本月库存!$B:$J,9,0) -> -7
A33: 锐霸 | B33: 46211 | D33: RB002 | E33: =VLOOKUP($D33,成品本月库存!$B:$J,2,0) -> 扳手809头壳(含轴套) | F33: =VLOOKUP($D33,成品本月库存!$B:$J,5,0) -> PCS | G33: 3363 | H33: =VLOOKUP($D33,成品本月库存!$B:$J,9,0) -> 1675
A34: 锐霸 | B34: 46211 | D34: RB026 | E34: =VLOOKUP($D34,成品本月库存!$B:$J,2,0) -> 扳手810STK2头壳 | F34: =VLOOKUP($D34,成品本月库存!$B:$J,5,0) -> PCS | G34: 3369 | H34: =VLOOKUP($D34,成品本月库存!$B:$J,9,0) -> -7
A35: 锐霸 | B35: 46211 | D35: RB028 | E35: =VLOOKUP($D35,成品本月库存!$B:$J,2,0) -> 扳手809S 头壳 世达款 | F35: =VLOOKUP($D35,成品本月库存!$B:$J,5,0) -> PCS | G35: 707 | H35: =VLOOKUP($D35,成品本月库存!$B:$J,9,0) -> 0
A36: 锐霸 | B36: 46211 | D36: RB038 | E36: =VLOOKUP($D36,成品本月库存!$B:$J,2,0) -> 黄油枪HY01A齿轮箱 | F36: =VLOOKUP($D36,成品本月库存!$B:$J,5,0) -> PCS | G36: 336 | H36: =VLOOKUP($D36,成品本月库存!$B:$J,9,0) -> 4
A37: 锐霸 | B37: 46211 | D37: RB004 | E37: =VLOOKUP($D37,成品本月库存!$B:$J,2,0) -> 起子机2108-W头壳（230N头壳无轴套） | F37: =VLOOKUP($D37,成品本月库存!$B:$J,5,0) -> PCS | G37: 200 | H37: =VLOOKUP($D37,成品本月库存!$B:$J,9,0) -> 1670
A38: 锐霸 | B38: 46212 | D38: RB025 | E38: =VLOOKUP($D38,成品本月库存!$B:$J,2,0) -> 扳手806S头壳 SD | F38: =VLOOKUP($D38,成品本月库存!$B:$J,5,0) -> PCS | G38: 2679 | H38: =VLOOKUP($D38,成品本月库存!$B:$J,9,0) -> -247
A39: 锐霸 | B39: 46212 | D39: RB026-1 | E39: =VLOOKUP($D39,成品本月库存!$B:$J,2,0) -> 扳手810STK2头壳-黑色 | F39: =VLOOKUP($D39,成品本月库存!$B:$J,5,0) -> PCS | G39: 2051 | H39: =VLOOKUP($D39,成品本月库存!$B:$J,9,0) -> 2
A40: 锐霸 | B40: 46212 | D40: RB012-1 | E40: =VLOOKUP($D40,成品本月库存!$B:$J,2,0) -> 扳手810端盖--黑色 | F40: =VLOOKUP($D40,成品本月库存!$B:$J,5,0) -> PCS | G40: 2033 | H40: =VLOOKUP($D40,成品本月库存!$B:$J,9,0) -> 842
... A47: 朗信 | B47: 46212 | D47: LX0019-1 | E47: =VLOOKUP($D47,成品本月库存!$B:$J,2,0) -> T93-29镭雕 | F47: =VLOOKUP($D47,成品本月库存!$B:$J,5,0) -> PCS | G47: 1350 | H47: =VLOOKUP($D47,成品本月库存!$B:$J,9,0) -> 877
A48: 凯泰 | B48: 46212 | D48: KT005 | E48: =VLOOKUP($D48,成品本月库存!$B:$J,2,0) -> 双目支架 | F48: =VLOOKUP($D48,成品本月库存!$B:$J,5,0) -> PCS | G48: -3085 | H48: =VLOOKUP($D48,成品本月库存!$B:$J,9,0) -> 16091 | I48: 退货
E49: =VLOOKUP($D49,成品本月库存!$B:$J,2,0) -> #N/A | F49: =VLOOKUP($D49,成品本月库存!$B:$J,5,0) -> #N/A | H49: =VLOOKUP($D49,成品本月库存!$B:$J,9,0) -> #N/A
E50: =VLOOKUP($D50,成品本月库存!$B:$J,2,0) -> #N/A | F50: =VLOOKUP($D50,成品本月库存!$B:$J,5,0) -> #N/A | H50: =VLOOKUP($D50,成品本月库存!$B:$J,9,0) -> #N/A
E51: =VLOOKUP($D51,成品本月库存!$B:$J,2,0) -> #N/A | F51: =VLOOKUP($D51,成品本月库存!$B:$J,5,0) -> #N/A | H51: =VLOOKUP($D51,成品本月库存!$B:$J,9,0) -> #N/A
E52: =VLOOKUP($D52,成品本月库存!$B:$J,2,0) -> #N/A | F52: =VLOOKUP($D52,成品本月库存!$B:$J,5,0) -> #N/A | H52: =VLOOKUP($D52,成品本月库存!$B:$J,9,0) -> #N/A
E53: =VLOOKUP($D53,成品本月库存!$B:$J,2,0) -> #N/A | F53: =VLOOKUP($D53,成品本月库存!$B:$J,5,0) -> #N/A | H53: =VLOOKUP($D53,成品本月库存!$B:$J,9,0) -> #N/A
E54: =VLOOKUP($D54,成品本月库存!$B:$J,2,0) -> #N/A | F54: =VLOOKUP($D54,成品本月库存!$B:$J,5,0) -> #N/A | H54: =VLOOKUP($D54,成品本月库存!$B:$J,9,0) -> #N/A
E55: =VLOOKUP($D55,成品本月库存!$B:$J,2,0) -> #N/A | F55: =VLOOKUP($D55,成品本月库存!$B:$J,5,0) -> #N/A | H55: =VLOOKUP($D55,成品本月库存!$B:$J,9,0) -> #N/A
E56: =VLOOKUP($D56,成品本月库存!$B:$J,2,0) -> #N/A | F56: =VLOOKUP($D56,成品本月库存!$B:$J,5,0) -> #N/A | H56: =VLOOKUP($D56,成品本月库存!$B:$J,9,0) -> #N/A
E57: =VLOOKUP($D57,成品本月库存!$B:$J,2,0) -> #N/A | F57: =VLOOKUP($D57,成品本月库存!$B:$J,5,0) -> #N/A | H57: =VLOOKUP($D57,成品本月库存!$B:$J,9,0) -> #N/A
E58: =VLOOKUP($D58,成品本月库存!$B:$J,2,0) -> #N/A | F58: =VLOOKUP($D58,成品本月库存!$B:$J,5,0) -> #N/A | H58: =VLOOKUP($D58,成品本月库存!$B:$J,9,0) -> #N/A
E59: =VLOOKUP($D59,成品本月库存!$B:$J,2,0) -> #N/A | F59: =VLOOKUP($D59,成品本月库存!$B:$J,5,0) -> #N/A | H59: =VLOOKUP($D59,成品本月库存!$B:$J,9,0) -> #N/A
E60: =VLOOKUP($D60,成品本月库存!$B:$J,2,0) -> #N/A | F60: =VLOOKUP($D60,成品本月库存!$B:$J,5,0) -> #N/A | H60: =VLOOKUP($D60,成品本月库存!$B:$J,9,0) -> #N/A
... E1196: =VLOOKUP($D1196,成品本月库存!$B:$J,2,0) -> #N/A | F1196: =VLOOKUP($D1196,成品本月库存!$B:$J,5,0) -> #N/A | H1196: =VLOOKUP($D1196,成品本月库存!$B:$J,9,0) -> #N/A

Sheet 成品本月库存
A1: 1 | B1: 料号 | C1: 料号 | D1: 客户 | E1: 成品 | F1: 单位 | G1: 月初库存 | H1: 本月入库 | I1: 本月出库 | J1: 本月结存 | K1: 备注最后工艺 | XFD1: =SUM(A1:XFC1) -> 1
A2: 2 | B2: ZM0001 | C2: H56上盖 | D2: 纵目 | E2: 成品 | F2: PCS | G2: =SUMIF(成品月初库存!$C$3:$C$362,$B2,成品月初库存!$F$3:$F$362) -> 0 | H2: =SUMIF(成品入库明细!$D$2:$D$500,$B2,成品入库明细!$G$2:$G$500) -> 0 | I2: =SUMIF(成品出库明细!$D$2:$D$1172,$B2,成品出库明细!$G$2:$G$1172) -> 0 | J2: =G2+H2-I2 -> 0 | K2: 皮膜
A3: 3 | B3: ZM0002 | C3: H56下盖 | D3: 纵目 | E3: 成品 | F3: PCS | G3: =SUMIF(成品月初库存!$C$3:$C$362,$B3,成品月初库存!$F$3:$F$362) -> 0 | H3: =SUMIF(成品入库明细!$D$2:$D$500,$B3,成品入库明细!$G$2:$G$500) -> 0 | I3: =SUMIF(成品出库明细!$D$2:$D$1172,$B3,成品出库明细!$G$2:$G$1172) -> 0 | J3: =G3+H3-I3 -> 0 | K3: 皮膜
A4: 4 | B4: ZM0003 | C4: 金康X1上盖 | D4: 纵目 | E4: 成品 | F4: PCS | G4: =SUMIF(成品月初库存!$C$3:$C$362,$B4,成品月初库存!$F$3:$F$362) -> 0 | H4: =SUMIF(成品入库明细!$D$2:$D$500,$B4,成品入库明细!$G$2:$G$500) -> 0 | I4: =SUMIF(成品出库明细!$D$2:$D$1172,$B4,成品出库明细!$G$2:$G$1172) -> 0 | J4: =G4+H4-I4 -> 0 | K4: 振研
A5: 5 | B5: ZM0004 | C5: 金康X1下盖 | D5: 纵目 | E5: 成品 | F5: PCS | G5: =SUMIF(成品月初库存!$C$3:$C$362,$B5,成品月初库存!$F$3:$F$362) -> 0 | H5: =SUMIF(成品入库明细!$D$2:$D$500,$B5,成品入库明细!$G$2:$G$500) -> 0 | I5: =SUMIF(成品出库明细!$D$2:$D$1172,$B5,成品出库明细!$G$2:$G$1172) -> 0 | J5: =G5+H5-I5 -> 0 | K5: 振研
A6: 6 | B6: ZM0003-F1 | C6: 金康F1上盖 | D6: 纵目 | E6: 成品 | F6: PCS | G6: =SUMIF(成品月初库存!$C$3:$C$362,$B6,成品月初库存!$F$3:$F$362) -> 0 | H6: =SUMIF(成品入库明细!$D$2:$D$500,$B6,成品入库明细!$G$2:$G$500) -> 0 | I6: =SUMIF(成品出库明细!$D$2:$D$1172,$B6,成品出库明细!$G$2:$G$1172) -> 0 | J6: =G6+H6-I6 -> 0 | K6: 振研（含CNC)
A7: 7 | B7: ZM0005 | C7: C385上盖 | D7: 纵目 | E7: 成品 | F7: PCS | G7: =SUMIF(成品月初库存!$C$3:$C$362,$B7,成品月初库存!$F$3:$F$362) -> 0 | H7: =SUMIF(成品入库明细!$D$2:$D$500,$B7,成品入库明细!$G$2:$G$500) -> 0 | I7: =SUMIF(成品出库明细!$D$2:$D$1172,$B7,成品出库明细!$G$2:$G$1172) -> 0 | J7: =G7+H7-I7 -> 0 | K7: 皮膜（钝化）
A8: 8 | B8: ZM0005-1 | C8: C385上盖 | D8: 纵目 | E8: 成品 | F8: PCS | G8: =SUMIF(成品月初库存!$C$3:$C$362,$B8,成品月初库存!$F$3:$F$362) -> 0 | H8: =SUMIF(成品入库明细!$D$2:$D$500,$B8,成品入库明细!$G$2:$G$500) -> 0 | I8: =SUMIF(成品出库明细!$D$2:$D$1172,$B8,成品出库明细!$G$2:$G$1172) -> 0 | J8: =G8+H8-I8 -> 0 | K8: 成品（临时）
A9: 9 | B9: ZM0006 | C9: C385下盖 | D9: 纵目 | E9: 成品 | F9: PCS | G9: =SUMIF(成品月初库存!$C$3:$C$362,$B9,成品月初库存!$F$3:$F$362) -> 0 | H9: =SUMIF(成品入库明细!$D$2:$D$500,$B9,成品入库明细!$G$2:$G$500) -> 0 | I9: =SUMIF(成品出库明细!$D$2:$D$1172,$B9,成品出库明细!$G$2:$G$1172) -> 0 | J9: =G9+H9-I9 -> 0 | K9: 皮膜（钝化）
A10: 10 | B10: ZM0006-1 | C10: C385下盖 | D10: 纵目 | E10: 成品 | F10: PCS | G10: =SUMIF(成品月初库存!$C$3:$C$362,$B10,成品月初库存!$F$3:$F$362) -> 0 | H10: =SUMIF(成品入库明细!$D$2:$D$500,$B10,成品入库明细!$G$2:$G$500) -> 0 | I10: =SUMIF(成品出库明细!$D$2:$D$1172,$B10,成品出库明细!$G$2:$G$1172) -> 0 | J10: =G10+H10-I10 -> 0 | K10: 成品（临时）
A11: 11 | B11: ZM0007 | C11: C001_APA主机上盖 | D11: 纵目 | E11: 成品 | F11: PCS | G11: =SUMIF(成品月初库存!$C$3:$C$362,$B11,成品月初库存!$F$3:$F$362) -> 0 | H11: =SUMIF(成品入库明细!$D$2:$D$500,$B11,成品入库明细!$G$2:$G$500) -> 0 | I11: =SUMIF(成品出库明细!$D$2:$D$1172,$B11,成品出库明细!$G$2:$G$1172) -> 0 | J11: =G11+H11-I11 -> 0 | K11: 振研
A12: 12 | B12: ZM0008 | C12: C001_APA主机下盖 | D12: 纵目 | E12: 成品 | F12: PCS | G12: =SUMIF(成品月初库存!$C$3:$C$362,$B12,成品月初库存!$F$3:$F$362) -> 0 | H12: =SUMIF(成品入库明细!$D$2:$D$500,$B12,成品入库明细!$G$2:$G$500) -> 0 | I12: =SUMIF(成品出库明细!$D$2:$D$1172,$B12,成品出库明细!$G$2:$G$1172) -> 0 | J12: =G12+H12-I12 -> 0 | K12: 振研
A13: 13 | B13: ZM001 | C13: P-3 | D13: 卓民 | E13: 成品 | F13: PCS | G13: =SUMIF(成品月初库存!$C$3:$C$362,$B13,成品月初库存!$F$3:$F$362) -> 0 | H13: =SUMIF(成品入库明细!$D$2:$D$500,$B13,成品入库明细!$G$2:$G$500) -> 0 | I13: =SUMIF(成品出库明细!$D$2:$D$1172,$B13,成品出库明细!$G$2:$G$1172) -> 0 | J13: =G13+H13-I13 -> 0 | K13: 烤漆
... A57: 57 | B57: XFT002 | C57: 0008 | D57: 鑫福泰 | E57: 成品 | F57: PCS | G57: =SUMIF(成品月初库存!$C$3:$C$362,$B57,成品月初库存!$F$3:$F$362) -> 6097 | H57: =SUMIF(成品入库明细!$D$2:$D$500,$B57,成品入库明细!$G$2:$G$500) -> 0 | I57: =SUMIF(成品出库明细!$D$2:$D$1172,$B57,成品出库明细!$G$2:$G$1172) -> 0 | J57: =G57+H57-I57 -> 6097 | K57: 皮膜
A58: 58 | B58: XFT003 | C58: 0009中框 | D58: 鑫福泰 | E58: 成品 | F58: PCS | G58: =SUMIF(成品月初库存!$C$3:$C$362,$B58,成品月初库存!$F$3:$F$362) -> 22323 | H58: =SUMIF(成品入库明细!$D$2:$D$500,$B58,成品入库明细!$G$2:$G$500) -> 0 | I58: =SUMIF(成品出库明细!$D$2:$D$1172,$B58,成品出库明细!$G$2:$G$1172) -> 0 | J58: =G58+H58-I58 -> 22323 | K58: 烤漆 | L58: 71U00145
A59: 59 | B59: XFT004 | C59: DBC1481L1 | D59: 鑫福泰 | E59: 成品 | F59: PCS | G59: =SUMIF(成品月初库存!$C$3:$C$362,$B59,成品月初库存!$F$3:$F$362) -> 2424 | H59: =SUMIF(成品入库明细!$D$2:$D$500,$B59,成品入库明细!$G$2:$G$500) -> 0 | I59: =SUMIF(成品出库明细!$D$2:$D$1172,$B59,成品出库明细!$G$2:$G$1172) -> 0 | J59: =G59+H59-I59 -> 2424 | K59: 皮膜
A60: 60 | B60: XFT005 | C60: DBC1480L1 | D60: 鑫福泰 | E60: 成品 | F60: PCS | G60: =SUMIF(成品月初库存!$C$3:$C$362,$B60,成品月初库存!$F$3:$F$362) -> 270 | H60: =SUMIF(成品入库明细!$D$2:$D$500,$B60,成品入库明细!$G$2:$G$500) -> 0 | I60: =SUMIF(成品出库明细!$D$2:$D$1172,$B60,成品出库明细!$G$2:$G$1172) -> 0 | J60: =G60+H60-I60 -> 270 | K60: 皮膜
A61: 61 | B61: XFT006 | C61: UDU9011 | D61: 鑫福泰 | E61: 成品 | F61: PCS | G61: =SUMIF(成品月初库存!$C$3:$C$362,$B61,成品月初库存!$F$3:$F$362) -> 0 | H61: =SUMIF(成品入库明细!$D$2:$D$500,$B61,成品入库明细!$G$2:$G$500) -> 0 | I61: =SUMIF(成品出库明细!$D$2:$D$1172,$B61,成品出库明细!$G$2:$G$1172) -> 0 | J61: =G61+H61-I61 -> 0 | K61: 电镀
A62: 62 | B62: XFT007 | C62: DBC15A0 | D62: 鑫福泰 | E62: 成品 | F62: PCS | G62: =SUMIF(成品月初库存!$C$3:$C$362,$B62,成品月初库存!$F$3:$F$362) -> 2352 | H62: =SUMIF(成品入库明细!$D$2:$D$500,$B62,成品入库明细!$G$2:$G$500) -> 0 | I62: =SUMIF(成品出库明细!$D$2:$D$1172,$B62,成品出库明细!$G$2:$G$1172) -> 0 | J62: =G62+H62-I62 -> 2352 | K62: 皮膜
A63: 63 | B63: XFT008 | C63: 0007-001 | D63: 鑫福泰 | E63: 成品 | F63: PCS | G63: =SUMIF(成品月初库存!$C$3:$C$362,$B63,成品月初库存!$F$3:$F$362) -> 0 | H63: =SUMIF(成品入库明细!$D$2:$D$500,$B63,成品入库明细!$G$2:$G$500) -> 0 | I63: =SUMIF(成品出库明细!$D$2:$D$1172,$B63,成品出库明细!$G$2:$G$1172) -> 0 | J63: =G63+H63-I63 -> 0 | K63: 电镀
A64: 64 | B64: XFT009 | C64: 70U00162 | D64: 鑫福泰 | E64: 成品 | F64: PCS | G64: =SUMIF(成品月初库存!$C$3:$C$362,$B64,成品月初库存!$F$3:$F$362) -> 0 | H64: =SUMIF(成品入库明细!$D$2:$D$500,$B64,成品入库明细!$G$2:$G$500) -> 0 | I64: =SUMIF(成品出库明细!$D$2:$D$1172,$B64,成品出库明细!$G$2:$G$1172) -> 0 | J64: =G64+H64-I64 -> 0 | K64: 皮膜
A65: 65 | B65: XFT010 | C65: MHSP-SP-AX | D65: 鑫福泰 | E65: 成品 | F65: PCS | G65: =SUMIF(成品月初库存!$C$3:$C$362,$B65,成品月初库存!$F$3:$F$362) -> 12778 | H65: =SUMIF(成品入库明细!$D$2:$D$500,$B65,成品入库明细!$G$2:$G$500) -> 0 | I65: =SUMIF(成品出库明细!$D$2:$D$1172,$B65,成品出库明细!$G$2:$G$1172) -> 0 | J65: =G65+H65-I65 -> 12778 | K65: 皮膜
A66: 66 | B66: XFT011 | C66: BHSP-SP-AX | D66: 鑫福泰 | E66: 成品 | F66: PCS | G66: =SUMIF(成品月初库存!$C$3:$C$362,$B66,成品月初库存!$F$3:$F$362) -> 136 | H66: =SUMIF(成品入库明细!$D$2:$D$500,$B66,成品入库明细!$G$2:$G$500) -> 0 | I66: =SUMIF(成品出库明细!$D$2:$D$1172,$B66,成品出库明细!$G$2:$G$1172) -> 0 | J66: =G66+H66-I66 -> 136 | K66: 烤漆
A67: 67 | B67: XFT012 | C67: V3-BHSP-AX | D67: 鑫福泰 | E67: 成品 | F67: PCS | G67: =SUMIF(成品月初库存!$C$3:$C$362,$B67,成品月初库存!$F$3:$F$362) -> 1060 | H67: =SUMIF(成品入库明细!$D$2:$D$500,$B67,成品入库明细!$G$2:$G$500) -> 0 | I67: =SUMIF(成品出库明细!$D$2:$D$1172,$B67,成品出库明细!$G$2:$G$1172) -> 0 | J67: =G67+H67-I67 -> 1060 | K67: 烤漆
A68: 68 | B68: XFT013 | C68: 后盖 | D68: 鑫福泰 | E68: 成品 | F68: PCS | G68: =SUMIF(成品月初库存!$C$3:$C$362,$B68,成品月初库存!$F$3:$F$362) -> 0 | H68: =SUMIF(成品入库明细!$D$2:$D$500,$B68,成品入库明细!$G$2:$G$500) -> 0 | I68: =SUMIF(成品出库明细!$D$2:$D$1172,$B68,成品出库明细!$G$2:$G$1172) -> 0 | J68: =G68+H68-I68 -> 0 | K68: 丝印
A69: 69 | B69: XFT014 | C69: 前盖 | D69: 鑫福泰 | E69: 成品 | F69: PCS | G69: =SUMIF(成品月初库存!$C$3:$C$362,$B69,成品月初库存!$F$3:$F$362) -> 0 | H69: =SUMIF(成品入库明细!$D$2:$D$500,$B69,成品入库明细!$G$2:$G$500) -> 0 | I69: =SUMIF(成品出库明细!$D$2:$D$1172,$B69,成品出库明细!$G$2:$G$1172) -> 0 | J69: =G69+H69-I69 -> 0 | K69: 烤漆
A70: 70 | B70: XFT015 | C70: 盖板 | D70: 鑫福泰 | E70: 成品 | F70: PCS | G70: =SUMIF(成品月初库存!$C$3:$C$362,$B70,成品月初库存!$F$3:$F$362) -> 144 | H70: =SUMIF(成品入库明细!$D$2:$D$500,$B70,成品入库明细!$G$2:$G$500) -> 0 | I70: =SUMIF(成品出库明细!$D$2:$D$1172,$B70,成品出库明细!$G$2:$G$1172) -> 0 | J70: =G70+H70-I70 -> 144 | K70: 烤漆
... A73: 73 | B73: XFT018 | C73: ATT1LA-MHSP（4个牙） | D73: 鑫福泰 | E73: 成品 | F73: PCS | G73: =SUMIF(成品月初库存!$C$3:$C$362,$B73,成品月初库存!$F$3:$F$362) -> 0 | H73: =SUMIF(成品入库明细!$D$2:$D$500,$B73,成品入库明细!$G$2:$G$500) -> 0 | I73: =SUMIF(成品出库明细!$D$2:$D$1172,$B73,成品出库明细!$G$2:$G$1172) -> 0 | J73: =G73+H73-I73 -> 0 | K73: 拉白
B74: XFT018-1 | C74: ATT1LA-MHSP(8个牙） | D74: 鑫福泰 | E74: 成品 | F74: PCS | G74: =SUMIF(成品月初库存!$C$3:$C$362,$B74,成品月初库存!$F$3:$F$362) -> 1630 | H74: =SUMIF(成品入库明细!$D$2:$D$500,$B74,成品入库明细!$G$2:$G$500) -> 0 | I74: =SUMIF(成品出库明细!$D$2:$D$1172,$B74,成品出库明细!$G$2:$G$1172) -> 0 | J74: =G74+H74-I74 -> 1630 | K74: 拉白
A75: 74 | B75: XFT019 | C75: ATT1LA-THSP | D75: 鑫福泰 | E75: 成品 | F75: PCS | G75: =SUMIF(成品月初库存!$C$3:$C$362,$B75,成品月初库存!$F$3:$F$362) -> 639 | H75: =SUMIF(成品入库明细!$D$2:$D$500,$B75,成品入库明细!$G$2:$G$500) -> 0 | I75: =SUMIF(成品出库明细!$D$2:$D$1172,$B75,成品出库明细!$G$2:$G$1172) -> 0 | J75: =G75+H75-I75 -> 639 | K75: 电镀
A76: 75 | B76: XFT0017 | C76: 锌合金-1 | D76: 鑫福泰 | E76: 成品 | F76: PCS | G76: =SUMIF(成品月初库存!$C$3:$C$362,$B76,成品月初库存!$F$3:$F$362) -> 0 | H76: =SUMIF(成品入库明细!$D$2:$D$500,$B76,成品入库明细!$G$2:$G$500) -> 0 | I76: =SUMIF(成品出库明细!$D$2:$D$1172,$B76,成品出库明细!$G$2:$G$1172) -> 0 | J76: =G76+H76-I76 -> 0 | K76: 电泳
A77: 76 | B77: XFT0018 | C77: 锌合金-2 | D77: 鑫福泰 | E77: 成品 | F77: PCS | G77: =SUMIF(成品月初库存!$C$3:$C$362,$B77,成品月初库存!$F$3:$F$362) -> 0 | H77: =SUMIF(成品入库明细!$D$2:$D$500,$B77,成品入库明细!$G$2:$G$500) -> 0 | I77: =SUMIF(成品出库明细!$D$2:$D$1172,$B77,成品出库明细!$G$2:$G$1172) -> 0 | J77: =G77+H77-I77 -> 0 | K77: 电泳
A78: 77 | B78: XFT028 | C78: 9012上盖 | D78: 鑫福泰 | E78: 成品 | F78: PCS | G78: =SUMIF(成品月初库存!$C$3:$C$362,$B78,成品月初库存!$F$3:$F$362) -> 0 | H78: =SUMIF(成品入库明细!$D$2:$D$500,$B78,成品入库明细!$G$2:$G$500) -> 0 | I78: =SUMIF(成品出库明细!$D$2:$D$1172,$B78,成品出库明细!$G$2:$G$1172) -> 0 | J78: =G78+H78-I78 -> 0 | K78: 镭雕
A79: 78 | B79: XFT029 | C79: ZS-THSP | D79: 鑫福泰 | E79: 成品 | F79: PCS | G79: =SUMIF(成品月初库存!$C$3:$C$362,$B79,成品月初库存!$F$3:$F$362) -> 167 | H79: =SUMIF(成品入库明细!$D$2:$D$500,$B79,成品入库明细!$G$2:$G$500) -> 0 | I79: =SUMIF(成品出库明细!$D$2:$D$1172,$B79,成品出库明细!$G$2:$G$1172) -> 0 | J79: =G79+H79-I79 -> 167 | K79: 电镀
A80: 79 | B80: XFT031 | C80: ZS-MHSP | D80: 鑫福泰 | E80: 成品 | F80: PCS | G80: =SUMIF(成品月初库存!$C$3:$C$362,$B80,成品月初库存!$F$3:$F$362) -> 237 | H80: =SUMIF(成品入库明细!$D$2:$D$500,$B80,成品入库明细!$G$2:$G$500) -> 0 | I80: =SUMIF(成品出库明细!$D$2:$D$1172,$B80,成品出库明细!$G$2:$G$1172) -> 0 | J80: =G80+H80-I80 -> 237 | K80: 皮膜
A81: 80 | B81: XFT030 | C81: ZS-BHSP | D81: 鑫福泰 | E81: 成品 | F81: PCS | G81: =SUMIF(成品月初库存!$C$3:$C$362,$B81,成品月初库存!$F$3:$F$362) -> 530 | H81: =SUMIF(成品入库明细!$D$2:$D$500,$B81,成品入库明细!$G$2:$G$500) -> 0 | I81: =SUMIF(成品出库明细!$D$2:$D$1172,$B81,成品出库明细!$G$2:$G$1172) -> 0 | J81: =G81+H81-I81 -> 530 | K81: 皮膜
A82: 81 | B82: XFT032 | C82: DUD3500D1 | D82: 鑫福泰 | E82: 成品 | F82: PCS | G82: =SUMIF(成品月初库存!$C$3:$C$362,$B82,成品月初库存!$F$3:$F$362) -> 152 | H82: =SUMIF(成品入库明细!$D$2:$D$500,$B82,成品入库明细!$G$2:$G$500) -> 0 | I82: =SUMIF(成品出库明细!$D$2:$D$1172,$B82,成品出库明细!$G$2:$G$1172) -> 3 | J82: =G82+H82-I82 -> 149 | K82: 洗白
B83: XFT033 | C83: VSD9007S2 | D83: 鑫福泰 | E83: 成品 | F83: PCS | G83: =SUMIF(成品月初库存!$C$3:$C$362,$B83,成品月初库存!$F$3:$F$362) -> 1676 | H83: =SUMIF(成品入库明细!$D$2:$D$500,$B83,成品入库明细!$G$2:$G$500) -> 0 | I83: =SUMIF(成品出库明细!$D$2:$D$1172,$B83,成品出库明细!$G$2:$G$1172) -> 0 | J83: =G83+H83-I83 -> 1676 | K83: 拉白
B84: XFT034 | C84: (002)Kreka MHSP Tool | D84: 鑫福泰 | E84: 成品 | F84: PCS | G84: =SUMIF(成品月初库存!$C$3:$C$362,$B84,成品月初库存!$F$3:$F$362) -> 194 | H84: =SUMIF(成品入库明细!$D$2:$D$500,$B84,成品入库明细!$G$2:$G$500) -> 0 | I84: =SUMIF(成品出库明细!$D$2:$D$1172,$B84,成品出库明细!$G$2:$G$1172) -> 0 | J84: =G84+H84-I84 -> 194 | K84: 皮膜
B85: XFT035 | C85: (001)Kreka Harrier/PHSP | D85: 鑫福泰 | E85: 成品 | F85: PCS | G85: =SUMIF(成品月初库存!$C$3:$C$362,$B85,成品月初库存!$F$3:$F$362) -> 438 | H85: =SUMIF(成品入库明细!$D$2:$D$500,$B85,成品入库明细!$G$2:$G$500) -> 0 | I85: =SUMIF(成品出库明细!$D$2:$D$1172,$B85,成品出库明细!$G$2:$G$1172) -> 0 | J85: =G85+H85-I85 -> 438 | K85: 皮膜
B86: XFT036 | C86: Kreka THSP DOECAV | D86: 鑫福泰 | E86: 成品 | F86: PCS | G86: =SUMIF(成品月初库存!$C$3:$C$362,$B86,成品月初库存!$F$3:$F$362) -> 0 | H86: =SUMIF(成品入库明细!$D$2:$D$500,$B86,成品入库明细!$G$2:$G$500) -> 0 | I86: =SUMIF(成品出库明细!$D$2:$D$1172,$B86,成品出库明细!$G$2:$G$1172) -> 0 | J86: =G86+H86-I86 -> 0 | K86: 电镀
B87: XFT037 | C87: (003)Kreka THSP POR | D87: 鑫福泰 | E87: 成品 | F87: PCS | G87: =SUMIF(成品月初库存!$C$3:$C$362,$B87,成品月初库存!$F$3:$F$362) -> 242 | H87: =SUMIF(成品入库明细!$D$2:$D$500,$B87,成品入库明细!$G$2:$G$500) -> 0 | I87: =SUMIF(成品出库明细!$D$2:$D$1172,$B87,成品出库明细!$G$2:$G$1172) -> 0 | J87: =G87+H87-I87 -> 242 | K87: 电镀
B88: XFT038 | C88: BPFA0303011（日本电产/大电产） | D88: 鑫福泰（尼得科） | E88: 成品 | F88: PCS | G88: =SUMIF(成品月初库存!$C$3:$C$362,$B88,成品月初库存!$F$3:$F$362) -> 0 | H88: =SUMIF(成品入库明细!$D$2:$D$500,$B88,成品入库明细!$G$2:$G$500) -> 0 | I88: =SUMIF(成品出库明细!$D$2:$D$1172,$B88,成品出库明细!$G$2:$G$1172) -> 0 | J88: =G88+H88-I88 -> 0 | K88: CNC
B89: XFT039 | C89: 前壳 | D89: 鑫福泰（华目） | E89: 成品 | F89: PCS | G89: =SUMIF(成品月初库存!$C$3:$C$362,$B89,成品月初库存!$F$3:$F$362) -> 0 | H89: =SUMIF(成品入库明细!$D$2:$D$500,$B89,成品入库明细!$G$2:$G$500) -> 0 | I89: =SUMIF(成品出库明细!$D$2:$D$1172,$B89,成品出库明细!$G$2:$G$1172) -> 0 | J89: =G89+H89-I89 -> 0 | K89: 烤漆
B90: XFT040 | C90: Barca-BHSP（4牙） | D90: 鑫福泰（巨圣） | E90: 成品 | F90: PCS | G90: =SUMIF(成品月初库存!$C$3:$C$362,$B90,成品月初库存!$F$3:$F$362) -> 1836 | H90: =SUMIF(成品入库明细!$D$2:$D$500,$B90,成品入库明细!$G$2:$G$500) -> 0 | I90: =SUMIF(成品出库明细!$D$2:$D$1172,$B90,成品出库明细!$G$2:$G$1172) -> 0 | J90: =G90+H90-I90 -> 1836 | K90: 烤漆
B91: XFT041 | C91: Barca-MHSP （1牙） | D91: 鑫福泰（巨圣） | E91: 成品 | F91: PCS | G91: =SUMIF(成品月初库存!$C$3:$C$362,$B91,成品月初库存!$F$3:$F$362) -> 3102 | H91: =SUMIF(成品入库明细!$D$2:$D$500,$B91,成品入库明细!$G$2:$G$500) -> 0 | I91: =SUMIF(成品出库明细!$D$2:$D$1172,$B91,成品出库明细!$G$2:$G$1172) -> 0 | J91: =G91+H91-I91 -> 3102 | K91: 洗白
B92: XFT054 | C92: Barca EU BHSP压铸件（白色） | D92: 鑫福泰（巨圣） | E92: 成品 | F92: PCS | G92: =SUMIF(成品月初库存!$C$3:$C$362,$B92,成品月初库存!$F$3:$F$362) -> 0 | H92: =SUMIF(成品入库明细!$D$2:$D$500,$B92,成品入库明细!$G$2:$G$500) -> 0 | I92: =SUMIF(成品出库明细!$D$2:$D$1172,$B92,成品出库明细!$G$2:$G$1172) -> 0 | J92: =G92+H92-I92 -> 0
B93: XFT042 | C93: BPFA0203011（小电产） | D93: 鑫福泰（尼得科） | E93: 成品 | F93: PCS | G93: =SUMIF(成品月初库存!$C$3:$C$362,$B93,成品月初库存!$F$3:$F$362) -> 0 | H93: =SUMIF(成品入库明细!$D$2:$D$500,$B93,成品入库明细!$G$2:$G$500) -> 0 | I93: =SUMIF(成品出库明细!$D$2:$D$1172,$B93,成品出库明细!$G$2:$G$1172) -> 0 | J93: =G93+H93-I93 -> 0 | K93: CNC
B94: XFT043 | C94: FVRB7802630(630大电产） | D94: 鑫福泰（尼得科） | E94: 成品 | F94: PCS | G94: =SUMIF(成品月初库存!$C$3:$C$362,$B94,成品月初库存!$F$3:$F$362) -> 0 | H94: =SUMIF(成品入库明细!$D$2:$D$500,$B94,成品入库明细!$G$2:$G$500) -> 0 | I94: =SUMIF(成品出库明细!$D$2:$D$1172,$B94,成品出库明细!$G$2:$G$1172) -> 0 | J94: =G94+H94-I94 -> 0 | K94: 车加工
B95: XFT044 | C95: FVRB7813220（新电产） | D95: 鑫福泰（尼得科） | E95: 成品 | F95: PCS | G95: =SUMIF(成品月初库存!$C$3:$C$362,$B95,成品月初库存!$F$3:$F$362) -> 362 | H95: =SUMIF(成品入库明细!$D$2:$D$500,$B95,成品入库明细!$G$2:$G$500) -> 0 | I95: =SUMIF(成品出库明细!$D$2:$D$1172,$B95,成品出库明细!$G$2:$G$1172) -> 0 | J95: =G95+H95-I95 -> 362 | K95: 车加工
B96: XFT045 | C96: FVRB6892490（新款小电产） | D96: 鑫福泰（尼得科） | E96: 成品 | F96: PCS | G96: =SUMIF(成品月初库存!$C$3:$C$362,$B96,成品月初库存!$F$3:$F$362) -> 0 | H96: =SUMIF(成品入库明细!$D$2:$D$500,$B96,成品入库明细!$G$2:$G$500) -> 0 | I96: =SUMIF(成品出库明细!$D$2:$D$1172,$B96,成品出库明细!$G$2:$G$1172) -> 0 | J96: =G96+H96-I96 -> 0 | K96: 车加工
B97: XFT046 | C97: 0243B00100（金属外壳） | D97: 鑫福泰（町洋） | E97: 成品 | F97: PCS | G97: =SUMIF(成品月初库存!$C$3:$C$362,$B97,成品月初库存!$F$3:$F$362) -> 113 | H97: =SUMIF(成品入库明细!$D$2:$D$500,$B97,成品入库明细!$G$2:$G$500) -> 0 | I97: =SUMIF(成品出库明细!$D$2:$D$1172,$B97,成品出库明细!$G$2:$G$1172) -> 0 | J97: =G97+H97-I97 -> 113 | K97: 电镀
B98: XFT047 | C98: ME-003( THSP) | D98: 鑫福泰 | E98: 成品 | F98: PCS | G98: =SUMIF(成品月初库存!$C$3:$C$362,$B98,成品月初库存!$F$3:$F$362) -> 4312 | H98: =SUMIF(成品入库明细!$D$2:$D$500,$B98,成品入库明细!$G$2:$G$500) -> 0 | I98: =SUMIF(成品出库明细!$D$2:$D$1172,$B98,成品出库明细!$G$2:$G$1172) -> 0 | J98: =G98+H98-I98 -> 4312 | K98: 洗白
B99: XFT048 | C99: ME-017(BHSP) | D99: 鑫福泰 | E99: 成品 | F99: PCS | G99: =SUMIF(成品月初库存!$C$3:$C$362,$B99,成品月初库存!$F$3:$F$362) -> 1768 | H99: =SUMIF(成品入库明细!$D$2:$D$500,$B99,成品入库明细!$G$2:$G$500) -> 0 | I99: =SUMIF(成品出库明细!$D$2:$D$1172,$B99,成品出库明细!$G$2:$G$1172) -> 0 | J99: =G99+H99-I99 -> 1768 | K99: 洗白
B100: XFT049 | C100: ME-019(BTB SHELD) | D100: 鑫福泰 | E100: 成品 | F100: PCS | G100: =SUMIF(成品月初库存!$C$3:$C$362,$B100,成品月初库存!$F$3:$F$362) -> 1394 | H100: =SUMIF(成品入库明细!$D$2:$D$500,$B100,成品入库明细!$G$2:$G$500) -> 0 | I100: =SUMIF(成品出库明细!$D$2:$D$1172,$B100,成品出库明细!$G$2:$G$1172) -> 0 | J100: =G100+H100-I100 -> 1394 | K100: 洗白
B101: XFT050 | C101: CG-00077 | D101: 鑫福泰 | E101: 成品 | F101: PCS | G101: =SUMIF(成品月初库存!$C$3:$C$362,$B101,成品月初库存!$F$3:$F$362) -> 199 | H101: =SUMIF(成品入库明细!$D$2:$D$500,$B101,成品入库明细!$G$2:$G$500) -> 0 | I101: =SUMIF(成品出库明细!$D$2:$D$1172,$B101,成品出库明细!$G$2:$G$1172) -> 0 | J101: =G101+H101-I101 -> 199 | K101: 打磨
B102: XFT051 | C102: DBF7505L1 散熱片 | D102: 鑫福泰 | E102: 成品 | F102: PCS | G102: =SUMIF(成品月初库存!$C$3:$C$362,$B102,成品月初库存!$F$3:$F$362) -> 376 | H102: =SUMIF(成品入库明细!$D$2:$D$500,$B102,成品入库明细!$G$2:$G$500) -> 0 | I102: =SUMIF(成品出库明细!$D$2:$D$1172,$B102,成品出库明细!$G$2:$G$1172) -> 0 | J102: =G102+H102-I102 -> 376 | K102: 洗白
B103: XFT052 | C103: DUG7391V1 | D103: 鑫福泰 | E103: 成品 | F103: PCS | G103: =SUMIF(成品月初库存!$C$3:$C$362,$B103,成品月初库存!$F$3:$F$362) -> 4759 | H103: =SUMIF(成品入库明细!$D$2:$D$500,$B103,成品入库明细!$G$2:$G$500) -> 0 | I103: =SUMIF(成品出库明细!$D$2:$D$1172,$B103,成品出库明细!$G$2:$G$1172) -> 0 | J103: =G103+H103-I103 -> 4759 | K103: 洗白
B104: XFT053 | C104: HVO9142散热片 | D104: 鑫福泰 | E104: 成品 | F104: PCS | G104: =SUMIF(成品月初库存!$C$3:$C$362,$B104,成品月初库存!$F$3:$F$362) -> 5757 | H104: =SUMIF(成品入库明细!$D$2:$D$500,$B104,成品入库明细!$G$2:$G$500) -> 0 | I104: =SUMIF(成品出库明细!$D$2:$D$1172,$B104,成品出库明细!$G$2:$G$1172) -> 0 | J104: =G104+H104-I104 -> 5757 | K104: 洗白/巧手
A105: 82 | B105: XLG001 | C105: P6固定架-L | D105: 新连刚 | E105: 成品 | F105: PCS | G105: =SUMIF(成品月初库存!$C$3:$C$362,$B105,成品月初库存!$F$3:$F$362) -> 0 | H105: =SUMIF(成品入库明细!$D$2:$D$500,$B105,成品入库明细!$G$2:$G$500) -> 0 | I105: =SUMIF(成品出库明细!$D$2:$D$1172,$B105,成品出库明细!$G$2:$G$1172) -> 0 | J105: =G105+H105-I105 -> 0 | K105: 烤漆
A106: 83 | B106: XLG002 | C106: P6固定架-R | D106: 新连刚 | E106: 成品 | F106: PCS | G106: =SUMIF(成品月初库存!$C$3:$C$362,$B106,成品月初库存!$F$3:$F$362) -> 0 | H106: =SUMIF(成品入库明细!$D$2:$D$500,$B106,成品入库明细!$G$2:$G$500) -> 0 | I106: =SUMIF(成品出库明细!$D$2:$D$1172,$B106,成品出库明细!$G$2:$G$1172) -> 0 | J106: =G106+H106-I106 -> 0 | K106: 烤漆
A107: 84 | B107: WKT039 | C107: 锌合金固定架 | D107: 新厂（国城） | E107: 成品 | F107: PCS | G107: =SUMIF(成品月初库存!$C$3:$C$362,$B107,成品月初库存!$F$3:$F$362) -> 0 | H107: =SUMIF(成品入库明细!$D$2:$D$500,$B107,成品入库明细!$G$2:$G$500) -> 0 | I107: =SUMIF(成品出库明细!$D$2:$D$1172,$B107,成品出库明细!$G$2:$G$1172) -> 0 | J107: =G107+H107-I107 -> 0 | K107: 烤漆
A108: 85 | B108: XC0001 | C108: J6P | D108: 新厂 | E108: 成品 | F108: PCS | G108: =SUMIF(成品月初库存!$C$3:$C$362,$B108,成品月初库存!$F$3:$F$362) -> 0 | H108: =SUMIF(成品入库明细!$D$2:$D$500,$B108,成品入库明细!$G$2:$G$500) -> 0 | I108: =SUMIF(成品出库明细!$D$2:$D$1172,$B108,成品出库明细!$G$2:$G$1172) -> 0 | J108: =G108+H108-I108 -> 0 | K108: 压铸
A109: 86 | B109: XJ001 | C109: DMG6-35W-SINK1 | D109: 先进电子 | E109: 成品 | F109: PCS | G109: =SUMIF(成品月初库存!$C$3:$C$362,$B109,成品月初库存!$F$3:$F$362) -> 0 | H109: =SUMIF(成品入库明细!$D$2:$D$500,$B109,成品入库明细!$G$2:$G$500) -> 0 | I109: =SUMIF(成品出库明细!$D$2:$D$1172,$B109,成品出库明细!$G$2:$G$1172) -> 0 | J109: =G109+H109-I109 -> 0 | K109: 电镀
A110: 87 | B110: XJ002 | C110: DMG6-65W-SINK1 | D110: 先进电子 | E110: 成品 | F110: PCS | G110: =SUMIF(成品月初库存!$C$3:$C$362,$B110,成品月初库存!$F$3:$F$362) -> 0 | H110: =SUMIF(成品入库明细!$D$2:$D$500,$B110,成品入库明细!$G$2:$G$500) -> 0 | I110: =SUMIF(成品出库明细!$D$2:$D$1172,$B110,成品出库明细!$G$2:$G$1172) -> 0 | J110: =G110+H110-I110 -> 0 | K110: 电镀
A111: 88 | B111: XJ003 | C111: DMG8-35W-SINK1 | D111: 先进电子 | E111: 成品 | F111: PCS | G111: =SUMIF(成品月初库存!$C$3:$C$362,$B111,成品月初库存!$F$3:$F$362) -> 0 | H111: =SUMIF(成品入库明细!$D$2:$D$500,$B111,成品入库明细!$G$2:$G$500) -> 0 | I111: =SUMIF(成品出库明细!$D$2:$D$1172,$B111,成品出库明细!$G$2:$G$1172) -> 0 | J111: =G111+H111-I111 -> 0 | K111: 电镀
A112: 89 | B112: XJ004 | C112: DMG8-65W-SINK1 | D112: 先进电子 | E112: 成品 | F112: PCS | G112: =SUMIF(成品月初库存!$C$3:$C$362,$B112,成品月初库存!$F$3:$F$362) -> 0 | H112: =SUMIF(成品入库明细!$D$2:$D$500,$B112,成品入库明细!$G$2:$G$500) -> 0 | I112: =SUMIF(成品出库明细!$D$2:$D$1172,$B112,成品出库明细!$G$2:$G$1172) -> 0 | J112: =G112+H112-I112 -> 0 | K112: 电镀
A113: 90 | B113: XKM001 | C113: A111-0825 | D113: 西克麦 | E113: 成品 | F113: PCS | G113: =SUMIF(成品月初库存!$C$3:$C$362,$B113,成品月初库存!$F$3:$F$362) -> 0 | H113: =SUMIF(成品入库明细!$D$2:$D$500,$B113,成品入库明细!$G$2:$G$500) -> 0 | I113: =SUMIF(成品出库明细!$D$2:$D$1172,$B113,成品出库明细!$G$2:$G$1172) -> 0 | J113: =G113+H113-I113 -> 0 | K113: 成品
A114: 91 | B114: XKM002 | C114: A111-0826 | D114: 西克麦 | E114: 成品 | F114: PCS | G114: =SUMIF(成品月初库存!$C$3:$C$362,$B114,成品月初库存!$F$3:$F$362) -> 0 | H114: =SUMIF(成品入库明细!$D$2:$D$500,$B114,成品入库明细!$G$2:$G$500) -> 0 | I114: =SUMIF(成品出库明细!$D$2:$D$1172,$B114,成品出库明细!$G$2:$G$1172) -> 0 | J114: =G114+H114-I114 -> 0 | K114: 成品
A115: 92 | B115: XKM003 | C115: A113-0702 | D115: 西克麦 | E115: 成品 | F115: PCS | G115: =SUMIF(成品月初库存!$C$3:$C$362,$B115,成品月初库存!$F$3:$F$362) -> 0 | H115: =SUMIF(成品入库明细!$D$2:$D$500,$B115,成品入库明细!$G$2:$G$500) -> 0 | I115: =SUMIF(成品出库明细!$D$2:$D$1172,$B115,成品出库明细!$G$2:$G$1172) -> 0 | J115: =G115+H115-I115 -> 0 | K115: 成品
A116: 93 | B116: XKM004 | C116: A113-0735 | D116: 西克麦 | E116: 成品 | F116: PCS | G116: =SUMIF(成品月初库存!$C$3:$C$362,$B116,成品月初库存!$F$3:$F$362) -> 0 | H116: =SUMIF(成品入库明细!$D$2:$D$500,$B116,成品入库明细!$G$2:$G$500) -> 0 | I116: =SUMIF(成品出库明细!$D$2:$D$1172,$B116,成品出库明细!$G$2:$G$1172) -> 0 | J116: =G116+H116-I116 -> 0 | K116: 成品
... A136: 113 | B136: WKT002 | C136: YODA2-R | D136: 威可特新厂 | E136: 成品 | F136: PCS | G136: =SUMIF(成品月初库存!$C$3:$C$362,$B136,成品月初库存!$F$3:$F$362) -> 0 | H136: =SUMIF(成品入库明细!$D$2:$D$500,$B136,成品入库明细!$G$2:$G$500) -> 0 | I136: =SUMIF(成品出库明细!$D$2:$D$1172,$B136,成品出库明细!$G$2:$G$1172) -> 0 | J136: =G136+H136-I136 -> 0 | K136: 压铸
A137: 114 | B137: WKT005 | C137: ET480-R | D137: 威可特新厂 | E137: 成品 | F137: PCS | G137: =SUMIF(成品月初库存!$C$3:$C$362,$B137,成品月初库存!$F$3:$F$362) -> 0 | H137: =SUMIF(成品入库明细!$D$2:$D$500,$B137,成品入库明细!$G$2:$G$500) -> 0 | I137: =SUMIF(成品出库明细!$D$2:$D$1172,$B137,成品出库明细!$G$2:$G$1172) -> 0 | J137: =G137+H137-I137 -> 0
A138: 115 | B138: WKT006 | C138: ET480-L | D138: 威可特新厂 | E138: 成品 | F138: PCS | G138: =SUMIF(成品月初库存!$C$3:$C$362,$B138,成品月初库存!$F$3:$F$362) -> 0 | H138: =SUMIF(成品入库明细!$D$2:$D$500,$B138,成品入库明细!$G$2:$G$500) -> 0 | I138: =SUMIF(成品出库明细!$D$2:$D$1172,$B138,成品出库明细!$G$2:$G$1172) -> 0 | J138: =G138+H138-I138 -> 0
A139: 116 | B139: WKT007 | C139: LLA-L | D139: 威可特新厂 | E139: 成品 | F139: PCS | G139: =SUMIF(成品月初库存!$C$3:$C$362,$B139,成品月初库存!$F$3:$F$362) -> 0 | H139: =SUMIF(成品入库明细!$D$2:$D$500,$B139,成品入库明细!$G$2:$G$500) -> 0 | I139: =SUMIF(成品出库明细!$D$2:$D$1172,$B139,成品出库明细!$G$2:$G$1172) -> 0 | J139: =G139+H139-I139 -> 0 | K139: 压铸
A140: 117 | B140: WKT008 | C140: LLA-R | D140: 威可特新厂 | E140: 成品 | F140: PCS | G140: =SUMIF(成品月初库存!$C$3:$C$362,$B140,成品月初库存!$F$3:$F$362) -> 0 | H140: =SUMIF(成品入库明细!$D$2:$D$500,$B140,成品入库明细!$G$2:$G$500) -> 0 | I140: =SUMIF(成品出库明细!$D$2:$D$1172,$B140,成品出库明细!$G$2:$G$1172) -> 0 | J140: =G140+H140-I140 -> 0 | K140: 压铸
A141: 118 | B141: WKT009 | C141: EG20-L | D141: 威可特新厂 | E141: 成品 | F141: PCS | G141: =SUMIF(成品月初库存!$C$3:$C$362,$B141,成品月初库存!$F$3:$F$362) -> 0 | H141: =SUMIF(成品入库明细!$D$2:$D$500,$B141,成品入库明细!$G$2:$G$500) -> 0 | I141: =SUMIF(成品出库明细!$D$2:$D$1172,$B141,成品出库明细!$G$2:$G$1172) -> 0 | J141: =G141+H141-I141 -> 0 | K141: 压铸
A142: 119 | B142: WKT010 | C142: EG20-R | D142: 威可特新厂 | E142: 成品 | F142: PCS | G142: =SUMIF(成品月初库存!$C$3:$C$362,$B142,成品月初库存!$F$3:$F$362) -> 0 | H142: =SUMIF(成品入库明细!$D$2:$D$500,$B142,成品入库明细!$G$2:$G$500) -> 0 | I142: =SUMIF(成品出库明细!$D$2:$D$1172,$B142,成品出库明细!$G$2:$G$1172) -> 0 | J142: =G142+H142-I142 -> 0 | K142: 压铸
A143: 120 | B143: WKT011 | C143: EP720-R | D143: 威可特新厂 | E143: 成品 | F143: PCS | G143: =SUMIF(成品月初库存!$C$3:$C$362,$B143,成品月初库存!$F$3:$F$362) -> 0 | H143: =SUMIF(成品入库明细!$D$2:$D$500,$B143,成品入库明细!$G$2:$G$500) -> 0 | I143: =SUMIF(成品出库明细!$D$2:$D$1172,$B143,成品出库明细!$G$2:$G$1172) -> 0 | J143: =G143+H143-I143 -> 0 | K143: 压铸
A144: 121 | B144: WKT012 | C144: EP720-L | D144: 威可特新厂 | E144: 成品 | F144: PCS | G144: =SUMIF(成品月初库存!$C$3:$C$362,$B144,成品月初库存!$F$3:$F$362) -> 0 | H144: =SUMIF(成品入库明细!$D$2:$D$500,$B144,成品入库明细!$G$2:$G$500) -> 0 | I144: =SUMIF(成品出库明细!$D$2:$D$1172,$B144,成品出库明细!$G$2:$G$1172) -> 0 | J144: =G144+H144-I144 -> 0 | K144: 压铸
A145: 122 | B145: WKT013 | C145: EP520-R | D145: 威可特新厂 | E145: 成品 | F145: PCS | G145: =SUMIF(成品月初库存!$C$3:$C$362,$B145,成品月初库存!$F$3:$F$362) -> 0 | H145: =SUMIF(成品入库明细!$D$2:$D$500,$B145,成品入库明细!$G$2:$G$500) -> 0 | I145: =SUMIF(成品出库明细!$D$2:$D$1172,$B145,成品出库明细!$G$2:$G$1172) -> 0 | J145: =G145+H145-I145 -> 0 | K145: 压铸
A146: 123 | B146: WKT014 | C146: EP520-L | D146: 威可特新厂 | E146: 成品 | F146: PCS | G146: =SUMIF(成品月初库存!$C$3:$C$362,$B146,成品月初库存!$F$3:$F$362) -> 0 | H146: =SUMIF(成品入库明细!$D$2:$D$500,$B146,成品入库明细!$G$2:$G$500) -> 0 | I146: =SUMIF(成品出库明细!$D$2:$D$1172,$B146,成品出库明细!$G$2:$G$1172) -> 0 | J146: =G146+H146-I146 -> 0 | K146: 压铸
A147: 124 | B147: WKT015 | C147: FINN-L | D147: 威可特新厂 | E147: 成品 | F147: PCS | G147: =SUMIF(成品月初库存!$C$3:$C$362,$B147,成品月初库存!$F$3:$F$362) -> 0 | H147: =SUMIF(成品入库明细!$D$2:$D$500,$B147,成品入库明细!$G$2:$G$500) -> 0 | I147: =SUMIF(成品出库明细!$D$2:$D$1172,$B147,成品出库明细!$G$2:$G$1172) -> 0 | J147: =G147+H147-I147 -> 0 | K147: 压铸
A148: 125 | B148: WKT016 | C148: FINN-R | D148: 威可特新厂 | E148: 成品 | F148: PCS | G148: =SUMIF(成品月初库存!$C$3:$C$362,$B148,成品月初库存!$F$3:$F$362) -> 0 | H148: =SUMIF(成品入库明细!$D$2:$D$500,$B148,成品入库明细!$G$2:$G$500) -> 0 | I148: =SUMIF(成品出库明细!$D$2:$D$1172,$B148,成品出库明细!$G$2:$G$1172) -> 0 | J148: =G148+H148-I148 -> 0 | K148: 压铸
A149: 126 | B149: WKT017 | C149: LEG0-D03 | D149: 威可特新厂 | E149: 成品 | F149: PCS | G149: =SUMIF(成品月初库存!$C$3:$C$362,$B149,成品月初库存!$F$3:$F$362) -> 0 | H149: =SUMIF(成品入库明细!$D$2:$D$500,$B149,成品入库明细!$G$2:$G$500) -> 0 | I149: =SUMIF(成品出库明细!$D$2:$D$1172,$B149,成品出库明细!$G$2:$G$1172) -> 0 | J149: =G149+H149-I149 -> 0 | K149: 压铸
A150: 127 | B150: WKT018 | C150: LEG0-D04 | D150: 威可特新厂 | E150: 成品 | F150: PCS | G150: =SUMIF(成品月初库存!$C$3:$C$362,$B150,成品月初库存!$F$3:$F$362) -> 0 | H150: =SUMIF(成品入库明细!$D$2:$D$500,$B150,成品入库明细!$G$2:$G$500) -> 0 | I150: =SUMIF(成品出库明细!$D$2:$D$1172,$B150,成品出库明细!$G$2:$G$1172) -> 0 | J150: =G150+H150-I150 -> 0 | K150: 压铸
... A174: 151 | B174: WKT038 | C174: CJ-GL4A0-PL-R | D174: 威可特新厂 | E174: 成品 | F174: PCS | G174: =SUMIF(成品月初库存!$C$3:$C$362,$B174,成品月初库存!$F$3:$F$362) -> 0 | H174: =SUMIF(成品入库明细!$D$2:$D$500,$B174,成品入库明细!$G$2:$G$500) -> 0 | I174: =SUMIF(成品出库明细!$D$2:$D$1172,$B174,成品出库明细!$G$2:$G$1172) -> 0 | J174: =G174+H174-I174 -> 0 | K174: 压铸
B175: WKT043 | C175: ALC228301000上盖 | D175: 威可特新厂 | E175: 成品 | F175: PCS | G175: =SUMIF(成品月初库存!$C$3:$C$362,$B175,成品月初库存!$F$3:$F$362) -> 0 | H175: =SUMIF(成品入库明细!$D$2:$D$500,$B175,成品入库明细!$G$2:$G$500) -> 0 | I175: =SUMIF(成品出库明细!$D$2:$D$1172,$B175,成品出库明细!$G$2:$G$1172) -> 0 | J175: =G175+H175-I175 -> 0 | K175: 压铸
B176: WKT044 | C176: 03.03.D00273-415-XTA11-E(XTA11外壳） | D176: 威可特新厂（思捷） | E176: 成品 | F176: PCS | G176: =SUMIF(成品月初库存!$C$3:$C$362,$B176,成品月初库存!$F$3:$F$362) -> 0 | H176: =SUMIF(成品入库明细!$D$2:$D$500,$B176,成品入库明细!$G$2:$G$500) -> 0 | I176: =SUMIF(成品出库明细!$D$2:$D$1172,$B176,成品出库明细!$G$2:$G$1172) -> 0 | J176: =G176+H176-I176 -> 0 | K176: 烤漆
B177: WKT045 | C177: 60-02-DC0000铝壳（小火车） | D177: 威可特新厂 | E177: 成品 | F177: PCS | G177: =SUMIF(成品月初库存!$C$3:$C$362,$B177,成品月初库存!$F$3:$F$362) -> 0 | H177: =SUMIF(成品入库明细!$D$2:$D$500,$B177,成品入库明细!$G$2:$G$500) -> 0 | I177: =SUMIF(成品出库明细!$D$2:$D$1172,$B177,成品出库明细!$G$2:$G$1172) -> 0 | J177: =G177+H177-I177 -> 0 | K177: CNC
B178: WKT046 | C178: G4 | D178: 威可特新厂 | E178: 成品 | F178: PCS | G178: =SUMIF(成品月初库存!$C$3:$C$362,$B178,成品月初库存!$F$3:$F$362) -> 0 | H178: =SUMIF(成品入库明细!$D$2:$D$500,$B178,成品入库明细!$G$2:$G$500) -> 0 | I178: =SUMIF(成品出库明细!$D$2:$D$1172,$B178,成品出库明细!$G$2:$G$1172) -> 0 | J178: =G178+H178-I178 -> 0 | K178: 压铸
B179: WKT047 | C179: 03.03.D00295-525-A1654铝支架-黑松露 | D179: 威可特新厂（思捷） | E179: 成品 | F179: PCS | G179: =SUMIF(成品月初库存!$C$3:$C$362,$B179,成品月初库存!$F$3:$F$362) -> 0 | H179: =SUMIF(成品入库明细!$D$2:$D$500,$B179,成品入库明细!$G$2:$G$500) -> 0 | I179: =SUMIF(成品出库明细!$D$2:$D$1172,$B179,成品出库明细!$G$2:$G$1172) -> 0 | J179: =G179+H179-I179 -> 0 | K179: 压铸
B180: WKT047-1 | C180: 03.03.D00295-525-A1654铝支架-银色 | D180: 威可特新厂（思捷） | E180: 成品 | F180: PCS | G180: =SUMIF(成品月初库存!$C$3:$C$362,$B180,成品月初库存!$F$3:$F$362) -> 0 | H180: =SUMIF(成品入库明细!$D$2:$D$500,$B180,成品入库明细!$G$2:$G$500) -> 0 | I180: =SUMIF(成品出库明细!$D$2:$D$1172,$B180,成品出库明细!$G$2:$G$1172) -> 0 | J180: =G180+H180-I180 -> 0 | K180: 压铸
B181: WKT048 | C181: SJ-GP160-CAP-L | D181: 威可特新厂 | E181: 成品 | F181: PCS | G181: =SUMIF(成品月初库存!$C$3:$C$362,$B181,成品月初库存!$F$3:$F$362) -> 0 | H181: =SUMIF(成品入库明细!$D$2:$D$500,$B181,成品入库明细!$G$2:$G$500) -> 0 | I181: =SUMIF(成品出库明细!$D$2:$D$1172,$B181,成品出库明细!$G$2:$G$1172) -> 0 | J181: =G181+H181-I181 -> 0 | K181: 压铸
B182: WKT049 | C182: SJ-GP160-CAP-R | D182: 威可特新厂 | E182: 成品 | F182: PCS | G182: =SUMIF(成品月初库存!$C$3:$C$362,$B182,成品月初库存!$F$3:$F$362) -> 0 | H182: =SUMIF(成品入库明细!$D$2:$D$500,$B182,成品入库明细!$G$2:$G$500) -> 0 | I182: =SUMIF(成品出库明细!$D$2:$D$1172,$B182,成品出库明细!$G$2:$G$1172) -> 0 | J182: =G182+H182-I182 -> 0 | K182: 压铸
A183: 152 | B183: TS001 | C183: 铝壳 | D183: 团盛 | E183: 成品 | F183: PCS | G183: =SUMIF(成品月初库存!$C$3:$C$362,$B183,成品月初库存!$F$3:$F$362) -> 0 | H183: =SUMIF(成品入库明细!$D$2:$D$500,$B183,成品入库明细!$G$2:$G$500) -> 0 | I183: =SUMIF(成品出库明细!$D$2:$D$1172,$B183,成品出库明细!$G$2:$G$1172) -> 0 | J183: =G183+H183-I183 -> 0 | K183: 车加工
A184: 153 | B184: TXTX001 | C184: 手机边框 | D184: 特兴通讯 | E184: 成品 | F184: PCS | G184: =SUMIF(成品月初库存!$C$3:$C$362,$B184,成品月初库存!$F$3:$F$362) -> 0 | H184: =SUMIF(成品入库明细!$D$2:$D$500,$B184,成品入库明细!$G$2:$G$500) -> 0 | I184: =SUMIF(成品出库明细!$D$2:$D$1172,$B184,成品出库明细!$G$2:$G$1172) -> 0 | J184: =G184+H184-I184 -> 0 | K184: 压铸
A185: 154 | B185: SY001 | C185: 高频合路器 | D185: 思源 | E185: 成品 | F185: PCS | G185: =SUMIF(成品月初库存!$C$3:$C$362,$B185,成品月初库存!$F$3:$F$362) -> 0 | H185: =SUMIF(成品入库明细!$D$2:$D$500,$B185,成品入库明细!$G$2:$G$500) -> 0 | I185: =SUMIF(成品出库明细!$D$2:$D$1172,$B185,成品出库明细!$G$2:$G$1172) -> 0 | J185: =G185+H185-I185 -> 0 | K185: 喷砂
A186: 155 | B186: SY002 | C186: 低频合路器 | D186: 思源 | E186: 成品 | F186: PCS | G186: =SUMIF(成品月初库存!$C$3:$C$362,$B186,成品月初库存!$F$3:$F$362) -> 0 | H186: =SUMIF(成品入库明细!$D$2:$D$500,$B186,成品入库明细!$G$2:$G$500) -> 0 | I186: =SUMIF(成品出库明细!$D$2:$D$1172,$B186,成品出库明细!$G$2:$G$1172) -> 0 | J186: =G186+H186-I186 -> 0 | K186: 喷砂
A187: 156 | B187: SY003 | C187: 支撑杆27 | D187: 思源 | E187: 成品 | F187: PCS | G187: =SUMIF(成品月初库存!$C$3:$C$362,$B187,成品月初库存!$F$3:$F$362) -> 0 | H187: =SUMIF(成品入库明细!$D$2:$D$500,$B187,成品入库明细!$G$2:$G$500) -> 0 | I187: =SUMIF(成品出库明细!$D$2:$D$1172,$B187,成品出库明细!$G$2:$G$1172) -> 0 | J187: =G187+H187-I187 -> 0 | K187: 喷砂
...
